image_id,breed
7ede553357,pantherophis-alleghaniensis
3500b219e4,agkistrodon-piscivorus
d43a78d6d9,lampropeltis-triangulum
1f36f26994,storeria-dekayi
8cb85fc58e,pantherophis-obsoletus
7176bcfe9a,heterodon-platirhinos
27f2d0f582,pantherophis-obsoletus
43eebba928,pantherophis-emoryi
180a56f143,pantherophis-obsoletus
07fd20e8bd,crotalus-horridus
d6145eb8ef,pituophis-catenifer
43cf88006f,pituophis-catenifer
545094975f,crotalus-atrox
de232d35ce,coluber-constrictor
f49f11daf4,lampropeltis-californiae
be70c24805,crotalus-ruber
8a68c61789,nerodia-fasciata
e4a0afbde5,thamnophis-marcianus
5d046e4a57,nerodia-erythrogaster
9450d432f1,agkistrodon-piscivorus
24ae6b28c9,crotalus-atrox
bbbcf461fd,heterodon-platirhinos
25f864a129,crotalus-atrox
9d63e29dab,nerodia-sipedon
560a7820ef,agkistrodon-contortrix
261a672081,heterodon-platirhinos
e08cecfcc8,pantherophis-obsoletus
dcbaefa9de,crotalus-horridus
4757eec719,thamnophis-marcianus
7a5772b7df,thamnophis-radix
756a3734d1,pantherophis-obsoletus
bcb51ed4fd,agkistrodon-piscivorus
b28a9dbd17,thamnophis-sirtalis
84496bd65b,pantherophis-alleghaniensis
97254f0a1e,thamnophis-sirtalis
738e860bf3,pantherophis-obsoletus
5b04af2d08,rhinocheilus-lecontei
df1007a11e,thamnophis-sirtalis
71e4a3726c,pituophis-catenifer
9ec71badf5,lampropeltis-californiae
9aaf30ca4e,thamnophis-marcianus
502dbd30e8,nerodia-erythrogaster
6a0948343e,thamnophis-marcianus
a9c94931b4,agkistrodon-piscivorus
94f8b871bc,thamnophis-proximus
65be04e1a7,thamnophis-sirtalis
553b5be83f,thamnophis-radix
f156e4b9ad,crotalus-atrox
c195a35480,heterodon-platirhinos
ba36d77d65,thamnophis-proximus
ac60cb4c64,haldea-striatula
e99babb9da,natrix-natrix
3f79415b22,pantherophis-obsoletus
07a7f4b8a2,thamnophis-sirtalis
8713b35996,pantherophis-obsoletus
8161aa3270,nerodia-rhombifer
c084141ebb,agkistrodon-piscivorus
3f264dfa93,thamnophis-radix
ac29145967,nerodia-rhombifer
14cc5c0b07,pantherophis-obsoletus
0d53f3592b,pituophis-catenifer
339702c73e,thamnophis-sirtalis
d9282cfc2f,lampropeltis-californiae
7cbb3598a5,nerodia-rhombifer
7d23dd1a25,agkistrodon-piscivorus
302ae16a4f,thamnophis-sirtalis
665ce5599e,thamnophis-sirtalis
7fe9ccee38,lampropeltis-californiae
b4ee296fbe,storeria-dekayi
463302e361,agkistrodon-piscivorus
a18b060715,thamnophis-proximus
72b767e027,thamnophis-sirtalis
28c9bd4b10,nerodia-sipedon
a8cf67b3cd,lampropeltis-triangulum
dc0bd440c3,opheodrys-aestivus
1b558cc89f,nerodia-sipedon
23a5181788,nerodia-sipedon
17e5f4b5bf,pituophis-catenifer
45708c6f17,thamnophis-sirtalis
90e93122c1,thamnophis-sirtalis
9aac958618,lampropeltis-triangulum
23f9ca3329,thamnophis-sirtalis
3702f63d72,thamnophis-sirtalis
142b516abc,thamnophis-radix
db55095044,pituophis-catenifer
2532449658,thamnophis-marcianus
521ce40402,thamnophis-sirtalis
5bdb8079ed,storeria-dekayi
2b88eaac56,thamnophis-radix
f11e311c90,pantherophis-obsoletus
75b79378c3,thamnophis-marcianus
8f457bca60,pantherophis-emoryi
4aae3ed36b,opheodrys-aestivus
7e85692fa2,nerodia-sipedon
8557e64d0e,pantherophis-vulpinus
f590310834,nerodia-sipedon
6ce6de9def,thamnophis-sirtalis
5e13f84aae,thamnophis-marcianus
3f595dc653,thamnophis-sirtalis
28fc7c65cc,thamnophis-sirtalis
2e6627723a,agkistrodon-piscivorus
759223778f,agkistrodon-contortrix
68e08979eb,pantherophis-obsoletus
b51b666b0a,pantherophis-obsoletus
1134c2556d,thamnophis-sirtalis
e10bcc9899,agkistrodon-contortrix
4d84d06252,storeria-dekayi
71792ec7f9,natrix-natrix
87fff43cf4,pantherophis-obsoletus
d0d91b6a16,coluber-constrictor
b1606f2410,thamnophis-sirtalis
f9a3564f88,thamnophis-sirtalis
8bdccf2baf,thamnophis-radix
abbfa54027,crotalus-atrox
ca469b7a27,thamnophis-sirtalis
95a51a0fcd,crotalus-horridus
8ef78ef2d3,pantherophis-obsoletus
e21af6d4b9,crotalus-atrox
221b1ee2f1,nerodia-sipedon
b2c3d5d9fb,thamnophis-elegans
526c9eac74,agkistrodon-piscivorus
a38e41fd76,pantherophis-obsoletus
b2ba21f052,agkistrodon-piscivorus
3b9b67ba03,storeria-dekayi
327b772827,pantherophis-vulpinus
2afdb4999f,crotalus-scutulatus
0cbf1992d0,nerodia-sipedon
c822ae5d01,pantherophis-obsoletus
5405370c87,nerodia-rhombifer
092388daba,diadophis-punctatus
99a3b654d0,lampropeltis-californiae
e0f8e741d4,pituophis-catenifer
5d9cf27241,nerodia-sipedon
632bed91e6,thamnophis-sirtalis
83d7c726d0,thamnophis-radix
2555c7e7ce,thamnophis-sirtalis
2b9180fb4f,nerodia-erythrogaster
e211c36384,agkistrodon-piscivorus
06b96eed56,pituophis-catenifer
d8fe032fe4,heterodon-platirhinos
366c0f8d42,thamnophis-sirtalis
be80579760,agkistrodon-contortrix
a4ff6226a3,pantherophis-spiloides
53da6f2a06,pituophis-catenifer
509628b6d3,rhinocheilus-lecontei
75206b0c2d,crotalus-atrox
c3e988cbe7,nerodia-erythrogaster
bf3224d5bb,thamnophis-radix
2d45d24990,thamnophis-proximus
217a85c6a0,nerodia-sipedon
f910b4dafd,thamnophis-sirtalis
dbc89aa6fc,thamnophis-sirtalis
e0c882d7b5,pantherophis-obsoletus
bbd20396ee,opheodrys-aestivus
a9bd8d4550,storeria-dekayi
f9315c3d9d,pantherophis-vulpinus
c53c61ff1d,agkistrodon-piscivorus
ae76c25b30,crotalus-atrox
0554b687c1,agkistrodon-piscivorus
8227ee21d5,nerodia-sipedon
e63f970c24,masticophis-flagellum
5a7a965d51,thamnophis-sirtalis
6f885777ae,crotalus-horridus
c63d4c04d9,agkistrodon-piscivorus
d678d67897,pituophis-catenifer
03d156d9ee,crotalus-viridis
39d5cf451b,pituophis-catenifer
c8583aa3f1,pantherophis-alleghaniensis
72fd0c7625,pantherophis-guttatus
89428de91a,pantherophis-obsoletus
e3ad957f8f,pituophis-catenifer
4b49ad90af,agkistrodon-piscivorus
e4ff7155e8,crotalus-horridus
eaa331f24e,thamnophis-marcianus
28edbbefda,thamnophis-sirtalis
aa1015e3c8,pantherophis-obsoletus
644033bba9,nerodia-erythrogaster
c612cc9390,agkistrodon-piscivorus
6870b31b63,pantherophis-obsoletus
b22d6d545d,thamnophis-sirtalis
bf1adbeecc,thamnophis-elegans
16e1861f42,pantherophis-obsoletus
8e7302d0c7,pantherophis-obsoletus
473b09a338,crotalus-atrox
80da1ca7fe,pituophis-catenifer
c3e38fc290,masticophis-flagellum
901a78b5f6,agkistrodon-contortrix
250946e33d,storeria-dekayi
71bb3b775f,storeria-dekayi
58e653c556,lampropeltis-californiae
ff0d70fb78,thamnophis-radix
bbbaf02d7b,thamnophis-sirtalis
a8729cbe08,thamnophis-sirtalis
e754670fa9,pituophis-catenifer
d51800edfc,storeria-dekayi
54705e5068,lampropeltis-triangulum
2d26350d5f,masticophis-flagellum
65ea1d3d84,crotalus-viridis
fc2019398b,crotalus-scutulatus
76bc77c3be,storeria-dekayi
ae5258ea04,thamnophis-sirtalis
8d8734a395,opheodrys-aestivus
a6ac17e3d8,thamnophis-sirtalis
2ca8252168,pantherophis-obsoletus
d81bbe11bb,nerodia-erythrogaster
fb1ea63ee1,thamnophis-sirtalis
d7b6ef28af,crotalus-horridus
fe015ee591,opheodrys-aestivus
e4f9ad2007,pantherophis-obsoletus
26758bec6d,thamnophis-sirtalis
23dd09c2b6,thamnophis-sirtalis
7c34e2cdec,agkistrodon-contortrix
6ec294cf12,thamnophis-sirtalis
36d521dbd5,lampropeltis-californiae
9a6e35d716,diadophis-punctatus
8bbc299a40,crotalus-ruber
fd5e259ea8,diadophis-punctatus
db292dcc3b,thamnophis-sirtalis
f481c83182,crotalus-ruber
4245d68d46,pantherophis-obsoletus
59e640bb91,crotalus-horridus
36c233f563,pantherophis-obsoletus
bc3799b2df,nerodia-rhombifer
9e937f940b,pantherophis-obsoletus
9a7b588cb9,pantherophis-guttatus
7ff5570d2f,crotalus-ruber
087903f361,nerodia-erythrogaster
6e66f9667f,pantherophis-obsoletus
60dd49f8d4,thamnophis-sirtalis
7064757509,agkistrodon-piscivorus
baa3f02141,pantherophis-obsoletus
7dce396ff5,opheodrys-aestivus
30a99aee44,pantherophis-emoryi
665b29ab42,thamnophis-sirtalis
a443ddb908,thamnophis-sirtalis
ac95eb1818,lampropeltis-triangulum
05a6798995,pantherophis-obsoletus
0241586560,storeria-dekayi
ff45fac73c,crotalus-atrox
013c73ee17,pantherophis-spiloides
b93e2f9f5b,pantherophis-alleghaniensis
2b1413378c,nerodia-fasciata
9cb08cd05a,pantherophis-alleghaniensis
13aa42a7e4,agkistrodon-contortrix
641e266e15,coluber-constrictor
7b5344ccfd,nerodia-sipedon
13cfe36156,nerodia-rhombifer
e3638b66ab,opheodrys-aestivus
0f5042aa5a,thamnophis-sirtalis
79783161b7,rhinocheilus-lecontei
195c38795c,pantherophis-alleghaniensis
0290d68533,lampropeltis-triangulum
2a2b711e1e,heterodon-platirhinos
51622421a7,agkistrodon-piscivorus
9f4c9e5d29,lampropeltis-californiae
55cf94ef25,pantherophis-obsoletus
8e3a442218,agkistrodon-piscivorus
a5bd623c6a,agkistrodon-contortrix
192dd2d4b7,heterodon-platirhinos
5b3791c4e4,lampropeltis-triangulum
4f3bb6e01a,storeria-dekayi
9316eb7237,pituophis-catenifer
aa16a509cf,nerodia-sipedon
ad68959f68,crotalus-horridus
072f7c5df5,pantherophis-obsoletus
e6fe591e18,pantherophis-guttatus
eed4cc6dda,thamnophis-sirtalis
6335735a8a,thamnophis-sirtalis
40fb202092,pantherophis-obsoletus
8d34d1a83e,lampropeltis-triangulum
5d58cc2fb1,lampropeltis-triangulum
e073226ee2,pantherophis-spiloides
630628b60b,pituophis-catenifer
c074d2a3c3,agkistrodon-piscivorus
2c03979041,thamnophis-radix
237efd22ef,pantherophis-obsoletus
5a23092d94,thamnophis-sirtalis
cebc8a3140,thamnophis-sirtalis
ddbb02224a,lampropeltis-triangulum
785ba4871f,thamnophis-sirtalis
d19b66d326,pantherophis-obsoletus
f9b0800cb8,pituophis-catenifer
2f065830d7,agkistrodon-contortrix
b9893aa41a,heterodon-platirhinos
2c442a09ed,pantherophis-guttatus
ea100d15e2,pantherophis-obsoletus
9363d2c4be,crotalus-scutulatus
dd0dc5ba1a,lampropeltis-californiae
86b438d651,pantherophis-spiloides
a7596b0dda,opheodrys-aestivus
c0a9301d14,diadophis-punctatus
59d4a652fa,thamnophis-sirtalis
9266faaacf,thamnophis-sirtalis
5c6713d750,thamnophis-sirtalis
4a7b39ccff,agkistrodon-piscivorus
c91233cf4f,thamnophis-sirtalis
316d089f08,lampropeltis-triangulum
63bb9ed8c2,pantherophis-alleghaniensis
8ec81d1cab,storeria-dekayi
0bef464da6,agkistrodon-contortrix
e3497219ae,crotalus-atrox
259af44b24,storeria-dekayi
c52f2693cf,masticophis-flagellum
18f5184f2e,crotalus-ruber
728f07bb97,rhinocheilus-lecontei
fba22fecef,nerodia-erythrogaster
fdbcf4aa99,crotalus-atrox
f8d202075f,pantherophis-guttatus
369a02e471,pantherophis-alleghaniensis
3e2cadfaa9,coluber-constrictor
0a59465b78,pituophis-catenifer
5717af5063,thamnophis-sirtalis
5a5ed0a9f9,crotalus-horridus
503bd5a793,opheodrys-aestivus
861b144528,pantherophis-obsoletus
2c1c60baac,crotalus-atrox
f583cab812,pantherophis-vulpinus
98e28ee840,nerodia-sipedon
e981adefe8,storeria-dekayi
847dcb005c,lampropeltis-californiae
2bdd1204df,pituophis-catenifer
436a5443a6,nerodia-erythrogaster
b474fba6f6,agkistrodon-piscivorus
4a52d81d06,thamnophis-sirtalis
e04df53f33,pituophis-catenifer
6e0bc47bff,nerodia-erythrogaster
00a9bba384,thamnophis-proximus
c34e07aea2,nerodia-sipedon
ddb3fdca4e,crotalus-horridus
772912b335,thamnophis-elegans
d2d8c969f4,pantherophis-obsoletus
05c0503e80,pantherophis-obsoletus
0a2842082d,lampropeltis-triangulum
f63ccbe5e4,pantherophis-guttatus
7c71df0f36,nerodia-sipedon
b812b08083,lampropeltis-californiae
aa46c84394,thamnophis-sirtalis
172ea701fa,crotalus-scutulatus
4da6e0c4b1,pantherophis-obsoletus
2680cb138a,agkistrodon-piscivorus
042411e752,agkistrodon-contortrix
3a90a92e92,natrix-natrix
194d8bc5a0,thamnophis-sirtalis
1ac35b5307,pantherophis-guttatus
bd26891431,crotalus-horridus
9bcdad786e,thamnophis-sirtalis
3fbfac0bbb,coluber-constrictor
d9f6166852,crotalus-atrox
c27414795d,pantherophis-obsoletus
031d5fd2dd,lampropeltis-californiae
b359100fa4,opheodrys-aestivus
999b3783d7,pantherophis-obsoletus
959cdb0f88,opheodrys-aestivus
8fa0dcc6df,nerodia-rhombifer
8ea058e917,storeria-dekayi
ae46441c69,crotalus-ruber
b08c38c7f7,thamnophis-sirtalis
328d66a6d0,thamnophis-sirtalis
5ac5adfab9,agkistrodon-contortrix
593c3b2407,thamnophis-sirtalis
5d701c6be6,nerodia-sipedon
b6bcd1799a,thamnophis-sirtalis
b3494fd089,pantherophis-guttatus
0448002637,nerodia-rhombifer
fff8bffdb0,crotalus-horridus
0cbc0f68b6,agkistrodon-piscivorus
0debda08e0,nerodia-sipedon
d0283c614b,coluber-constrictor
2dbe75a840,lampropeltis-triangulum
6d998bc9af,masticophis-flagellum
3ff941e398,natrix-natrix
a9410566e4,crotalus-atrox
358af00cdd,agkistrodon-piscivorus
e4ab7ba2ab,diadophis-punctatus
b07f81508c,thamnophis-sirtalis
3b1799fe42,thamnophis-sirtalis
3d6339ea74,thamnophis-sirtalis
2163674737,crotalus-ruber
d99ab56103,nerodia-sipedon
54ba70e3cc,pantherophis-obsoletus
545ed78e38,pantherophis-obsoletus
e7d07009df,storeria-dekayi
f6ec7eba7b,nerodia-fasciata
64c3ac5ad0,nerodia-rhombifer
b72ce0175f,thamnophis-marcianus
b894d764f5,crotalus-horridus
cf5d7c4e17,storeria-dekayi
58663371a3,pantherophis-obsoletus
81bf550daa,pantherophis-obsoletus
37f5ad479e,nerodia-rhombifer
3c8edae2a4,thamnophis-radix
4cb468d415,nerodia-erythrogaster
92e04ca324,thamnophis-sirtalis
11373da95a,agkistrodon-contortrix
6a3bcbcf4a,opheodrys-aestivus
a5f24a2ecc,haldea-striatula
1edabbc312,opheodrys-aestivus
96aee5ec60,nerodia-rhombifer
4598203b0a,crotalus-ruber
6bd8b7a823,crotalus-atrox
54f91fbb3a,lampropeltis-triangulum
b9d8bbfa03,agkistrodon-piscivorus
72f1ff130d,rhinocheilus-lecontei
2eccd64667,thamnophis-sirtalis
2546d11351,nerodia-erythrogaster
b09f1d031b,storeria-dekayi
bd5a29330a,thamnophis-sirtalis
4451e8bf97,pantherophis-spiloides
86a4573103,thamnophis-radix
da7212161e,crotalus-atrox
aa1da0bc83,heterodon-platirhinos
6e802f864c,nerodia-sipedon
8eaa4e8d18,storeria-dekayi
ffa547380d,crotalus-horridus
776bf9c3e7,heterodon-platirhinos
f6058731c7,pantherophis-spiloides
3137a9d8f4,masticophis-flagellum
c5eda48da7,pantherophis-alleghaniensis
23e13b5ba3,crotalus-horridus
c264755582,storeria-dekayi
958f27ae53,thamnophis-sirtalis
f1ce7a658c,natrix-natrix
897932c055,agkistrodon-piscivorus
a17470a422,rhinocheilus-lecontei
f756da9b22,storeria-dekayi
83f99d01b7,agkistrodon-piscivorus
1c097f3bb5,crotalus-horridus
638716b738,agkistrodon-piscivorus
74772031c5,nerodia-fasciata
94f3aa78e0,agkistrodon-piscivorus
c0f734db4f,haldea-striatula
4f9c43f59c,storeria-occipitomaculata
1b32d18277,opheodrys-aestivus
2145486df9,masticophis-flagellum
9e779ef62b,nerodia-erythrogaster
caa85de8a4,heterodon-platirhinos
dab850c45f,nerodia-erythrogaster
326a993691,pituophis-catenifer
1a313e58c0,thamnophis-proximus
eacde65a87,pantherophis-vulpinus
16ef599310,pituophis-catenifer
a1a1d8f4d3,agkistrodon-contortrix
b66574f0cb,agkistrodon-piscivorus
dadd875c98,thamnophis-sirtalis
35f3e07f8a,agkistrodon-piscivorus
35b25084a8,nerodia-sipedon
5be6313607,pantherophis-obsoletus
5e4b3549cb,thamnophis-sirtalis
14af77c260,pantherophis-obsoletus
a3ffe15ad1,pituophis-catenifer
fcf5b7e439,pituophis-catenifer
510f5e1945,storeria-dekayi
99d309ee88,crotalus-atrox
c5ba6d87e2,pituophis-catenifer
0a00cdd2b8,rhinocheilus-lecontei
9e10b0843c,agkistrodon-piscivorus
9818345fa3,agkistrodon-contortrix
424b8caccf,heterodon-platirhinos
291cd9c481,crotalus-viridis
0c02a2f5d7,lampropeltis-californiae
3393c3a6eb,agkistrodon-piscivorus
18e8e49c6a,thamnophis-sirtalis
45245a5e5a,thamnophis-sirtalis
13696d31fb,thamnophis-radix
41e720d7de,nerodia-rhombifer
40303088fa,nerodia-sipedon
67d1d73480,lampropeltis-californiae
4e3e773484,crotalus-atrox
7517bb0623,thamnophis-sirtalis
559133de50,crotalus-atrox
9ae22849c1,thamnophis-sirtalis
c5ff38ff68,thamnophis-marcianus
71e572d33f,thamnophis-radix
332e5c6785,crotalus-atrox
6003bbcbf9,pituophis-catenifer
5c17e68b40,heterodon-platirhinos
bad9a60677,thamnophis-sirtalis
209b809200,nerodia-rhombifer
f2b9362dd4,crotalus-atrox
8de60975b5,lampropeltis-triangulum
8add8bfac9,nerodia-erythrogaster
0d5c403d38,nerodia-rhombifer
d483f5a5ce,pituophis-catenifer
7836689238,agkistrodon-piscivorus
724a385d2e,thamnophis-sirtalis
64e02bed8b,pantherophis-alleghaniensis
3133cffd8c,heterodon-platirhinos
ebd7ad9677,nerodia-sipedon
fe50e904ff,agkistrodon-piscivorus
7f4df9bad8,thamnophis-radix
b083b3bdfc,coluber-constrictor
5ac813acff,thamnophis-sirtalis
35084d1574,crotalus-horridus
9bbb1238dd,coluber-constrictor
54da60ecca,rhinocheilus-lecontei
8139d8a08f,nerodia-sipedon
cf4b998e06,thamnophis-sirtalis
50ff72a201,pantherophis-vulpinus
a0969f71a4,haldea-striatula
64b71700c0,thamnophis-sirtalis
420c648f8f,pantherophis-alleghaniensis
b48998dacd,masticophis-flagellum
d6ce6db8ac,lampropeltis-californiae
f359a3a1cb,thamnophis-sirtalis
3e27aded25,thamnophis-marcianus
9baf0c175d,thamnophis-sirtalis
60cd847169,crotalus-atrox
8cc2b43e73,pantherophis-guttatus
e635e0301a,crotalus-atrox
53ad81ecbf,storeria-occipitomaculata
bd77bff983,crotalus-scutulatus
e4b948cde5,thamnophis-sirtalis
7a85d0a38f,lampropeltis-triangulum
6e104122dd,heterodon-platirhinos
0bd440f886,thamnophis-marcianus
cfe48a6766,pantherophis-obsoletus
dea4ad3c5c,crotalus-scutulatus
a70db3f4e2,thamnophis-sirtalis
73801d11da,pantherophis-obsoletus
91b9c66b6c,heterodon-platirhinos
7fa218f587,thamnophis-sirtalis
89aac8751e,opheodrys-aestivus
ccd99e20ab,crotalus-horridus
3d4e749f5c,pantherophis-obsoletus
d981710b5c,thamnophis-proximus
52eec0f3fb,crotalus-horridus
7b01622a45,pantherophis-vulpinus
d8f3e2543c,agkistrodon-piscivorus
3da58beca1,nerodia-sipedon
27cc745b4e,nerodia-erythrogaster
19e640cfea,thamnophis-sirtalis
e97ad14aa0,thamnophis-sirtalis
fee6ac0981,pantherophis-alleghaniensis
7688910bf6,storeria-dekayi
e207f9f8e1,thamnophis-marcianus
38cfa09840,agkistrodon-piscivorus
e8c28b1fa8,diadophis-punctatus
14b9eb3c99,agkistrodon-piscivorus
90b9422778,pantherophis-obsoletus
55c6c72734,diadophis-punctatus
1b74b10f63,nerodia-sipedon
dbe94ca39f,nerodia-rhombifer
2467f2a466,thamnophis-sirtalis
87c3cc64a9,diadophis-punctatus
f4f5dd040b,pantherophis-alleghaniensis
f32d83944c,lampropeltis-triangulum
de0c5e9a87,thamnophis-sirtalis
aff4a2c922,thamnophis-sirtalis
f96291b278,diadophis-punctatus
c64eb91ae4,storeria-dekayi
2ae2c1199a,pantherophis-vulpinus
c032ab6ee3,crotalus-ruber
33e62ea503,diadophis-punctatus
4d5e7f22ae,thamnophis-marcianus
daa2966222,thamnophis-sirtalis
a5234ec3be,thamnophis-elegans
80eead3616,nerodia-fasciata
ade437840f,thamnophis-sirtalis
2db8ff4d4f,natrix-natrix
b3b1353fab,agkistrodon-contortrix
c449df8761,diadophis-punctatus
59979fbad2,crotalus-scutulatus
f4698088c6,pantherophis-emoryi
532b83a570,pantherophis-obsoletus
0e287bd3a4,haldea-striatula
62a0846a7f,pantherophis-vulpinus
3fc4c2a5e1,pituophis-catenifer
4d2299d5dc,nerodia-sipedon
416b4750da,pantherophis-vulpinus
dfee6504e3,pituophis-catenifer
bba431d5d4,thamnophis-sirtalis
d50e9b77ce,masticophis-flagellum
423c84462d,crotalus-ruber
d8854a4d6f,agkistrodon-contortrix
06bfe160bc,thamnophis-proximus
b53265ae30,nerodia-sipedon
4f7b14d1e9,nerodia-sipedon
b0e5cdcf65,crotalus-atrox
3d90e98161,thamnophis-sirtalis
385387e75a,pantherophis-guttatus
a016fbf111,pantherophis-guttatus
79d92b5155,thamnophis-proximus
e8556cf2b3,diadophis-punctatus
b68aec61a9,thamnophis-sirtalis
6245275771,pantherophis-alleghaniensis
9af6f4bbb1,pantherophis-obsoletus
e2839b926b,storeria-dekayi
8d2f2c54a1,crotalus-viridis
1e8f52cf8e,crotalus-atrox
c2bfddaefb,opheodrys-aestivus
fcac77e8e3,lampropeltis-triangulum
a6eefff8e9,crotalus-viridis
48be242050,opheodrys-aestivus
e849f57aaa,agkistrodon-contortrix
75053513e4,thamnophis-radix
0b6092dd9f,pantherophis-alleghaniensis
f10dbb60ad,crotalus-ruber
6fd275d6f8,crotalus-horridus
7b110332b2,pituophis-catenifer
02b5ce8a0d,crotalus-horridus
e286457476,pituophis-catenifer
2fd9e2eee6,pantherophis-alleghaniensis
b79eb2b0fb,crotalus-scutulatus
f5315a5875,crotalus-viridis
db4493bb17,pantherophis-obsoletus
4ebadc4b4b,pituophis-catenifer
c98bc697c6,rhinocheilus-lecontei
e3c6ba694a,thamnophis-marcianus
783481beb0,pituophis-catenifer
f29333e380,pituophis-catenifer
c3fb1dacc1,masticophis-flagellum
5b15bac5c2,lampropeltis-californiae
cd0721eb2a,thamnophis-sirtalis
1e2ae139b7,thamnophis-sirtalis
79553e62b3,thamnophis-radix
cdbedb45cd,nerodia-sipedon
ee52483077,haldea-striatula
1fac89750a,pantherophis-alleghaniensis
86a2ca0b18,agkistrodon-piscivorus
d3a5b62b1f,thamnophis-sirtalis
5276b71b91,pituophis-catenifer
eff565b0e9,thamnophis-sirtalis
a0853d1197,opheodrys-aestivus
38782ebfe4,crotalus-ruber
a16e3dec1e,agkistrodon-contortrix
223cc7e8a6,agkistrodon-piscivorus
fed1568a6c,pantherophis-vulpinus
f2f891850d,pantherophis-emoryi
22580dc310,diadophis-punctatus
4b2040859d,storeria-occipitomaculata
c40f2cf547,lampropeltis-californiae
8a1f773d30,thamnophis-sirtalis
26e77de0d3,agkistrodon-piscivorus
3898d993ce,storeria-dekayi
4c48326692,heterodon-platirhinos
639ea18f23,storeria-dekayi
6447cbdb15,heterodon-platirhinos
2fab3b74e1,thamnophis-sirtalis
70d03492db,thamnophis-proximus
df50ba8c91,lampropeltis-triangulum
e68457fe19,thamnophis-sirtalis
b4ad055b21,lampropeltis-triangulum
f10e985810,thamnophis-sirtalis
ee41d19ab2,pantherophis-vulpinus
5af19d853b,nerodia-fasciata
e3e76a3d9c,pantherophis-vulpinus
59bcc84d9c,nerodia-sipedon
49cd434b18,crotalus-atrox
ce31772330,storeria-dekayi
08e0a784b9,opheodrys-aestivus
b38fb09f8b,pantherophis-emoryi
1025e29ab7,agkistrodon-contortrix
98e71c5873,pantherophis-obsoletus
ec7956ab61,pantherophis-emoryi
8221410682,pituophis-catenifer
51ee9e04f0,thamnophis-elegans
96d75bfe8f,natrix-natrix
8601628d1f,storeria-dekayi
3dfa5ad947,heterodon-platirhinos
affc413c04,nerodia-sipedon
8d0378446f,thamnophis-marcianus
d4575182a3,pantherophis-vulpinus
64b48406af,nerodia-fasciata
371a621202,pantherophis-obsoletus
aef6cdef7f,pantherophis-obsoletus
5767b7291d,lampropeltis-triangulum
bce7024134,agkistrodon-contortrix
1e8ba66e6d,diadophis-punctatus
1cca4dde7e,nerodia-erythrogaster
0497ecfd64,thamnophis-sirtalis
80cd47b8be,opheodrys-aestivus
48470bf29b,storeria-occipitomaculata
21c06dfcf8,nerodia-rhombifer
a0bce2082d,agkistrodon-contortrix
a14372c89f,storeria-dekayi
1a7e4bd4c6,heterodon-platirhinos
77b61563ed,masticophis-flagellum
bbbcedc4c0,agkistrodon-piscivorus
baba9a2a38,agkistrodon-contortrix
6fd6c6ccf6,storeria-occipitomaculata
1cef56fb1e,coluber-constrictor
5f6f35c987,crotalus-scutulatus
d1eb8d51ae,pantherophis-obsoletus
4617ca078b,pantherophis-obsoletus
77b4a4a25c,pituophis-catenifer
c2955c5d83,nerodia-sipedon
67d5a9efbe,thamnophis-sirtalis
0fe9a54c20,crotalus-horridus
5b30be5fe9,agkistrodon-contortrix
6469909eb8,thamnophis-radix
b81a1b1d90,agkistrodon-piscivorus
e2363c1554,crotalus-scutulatus
0cff3cb843,thamnophis-sirtalis
1b340371e5,masticophis-flagellum
00e8ba3531,storeria-dekayi
dee1e6d310,pantherophis-obsoletus
e264f04ce9,crotalus-horridus
ddd56ba0c0,rhinocheilus-lecontei
c1cbf83f28,crotalus-atrox
13275759e4,crotalus-horridus
d37b0ef11f,pantherophis-obsoletus
898d62255d,rhinocheilus-lecontei
f9bbc7153a,crotalus-horridus
f8ac5953cb,pantherophis-guttatus
ad9921a2aa,heterodon-platirhinos
a5f85aab22,opheodrys-aestivus
c6234d79bb,crotalus-atrox
771f6f3fe6,thamnophis-sirtalis
688b29b043,crotalus-atrox
19ccba64b3,storeria-dekayi
72115baab1,masticophis-flagellum
6becc6093d,storeria-dekayi
7855bae864,opheodrys-aestivus
d50acbddb2,thamnophis-sirtalis
83899a6b49,heterodon-platirhinos
11e97175b8,pantherophis-vulpinus
5980c7a6f7,thamnophis-sirtalis
2d61b82de7,crotalus-horridus
1f90c834c5,lampropeltis-californiae
e0474c1be9,crotalus-scutulatus
96dbc2f29b,pantherophis-spiloides
d1b7d9ba22,thamnophis-proximus
fd2f1d3113,thamnophis-elegans
928460dde9,crotalus-horridus
d63c0e9fdc,crotalus-horridus
78ed1037b8,pantherophis-emoryi
b3fe7d062c,agkistrodon-piscivorus
9315549d3a,diadophis-punctatus
c3bd25298d,storeria-dekayi
8f92043d8f,pantherophis-spiloides
9069355571,thamnophis-sirtalis
a1e486d349,lampropeltis-californiae
bbaf558ecf,pantherophis-guttatus
516de4c918,lampropeltis-californiae
3a8c8aa252,crotalus-horridus
44aa210a3e,crotalus-viridis
64553a6913,pantherophis-obsoletus
e90ba4331c,thamnophis-sirtalis
11649cec48,thamnophis-sirtalis
c3444151d5,crotalus-atrox
37ee5eb735,pantherophis-alleghaniensis
3f36710eb6,pantherophis-emoryi
624b2cc236,thamnophis-marcianus
0c9a05356b,diadophis-punctatus
aa4b3d2785,thamnophis-sirtalis
8a43339a29,nerodia-sipedon
a11bf6e766,rhinocheilus-lecontei
3d1b0e14ff,opheodrys-aestivus
a698472a57,pantherophis-obsoletus
3e733e66de,nerodia-fasciata
7a374981e5,agkistrodon-piscivorus
45bd4f73b1,thamnophis-sirtalis
e17bb727be,lampropeltis-californiae
c79bcf2098,pantherophis-guttatus
1f6403d491,storeria-dekayi
93ad7fe563,opheodrys-aestivus
47e8f1b843,thamnophis-sirtalis
c5c1619dee,crotalus-viridis
ee52b1c3e4,agkistrodon-contortrix
bdfce30128,nerodia-sipedon
bcfa129e05,agkistrodon-contortrix
c3007e0e16,pituophis-catenifer
e3e8505f6f,rhinocheilus-lecontei
60c5ab7fe1,nerodia-sipedon
af58bb743b,diadophis-punctatus
eab49156d7,thamnophis-sirtalis
847a278c9a,pantherophis-vulpinus
22b4344fa1,pituophis-catenifer
0297424cbd,thamnophis-marcianus
e9aac999b1,storeria-dekayi
45df9e533a,pituophis-catenifer
ac57aad226,pantherophis-spiloides
79b4ba46ed,crotalus-atrox
890c0055e6,nerodia-sipedon
b83e0a56e3,pantherophis-guttatus
ca0e73a30b,thamnophis-sirtalis
5feb234354,masticophis-flagellum
7f8f6794e6,pantherophis-spiloides
a4c523e2b2,crotalus-horridus
817e074b35,lampropeltis-californiae
7019567057,natrix-natrix
6fecaaf9f8,crotalus-atrox
1bac862621,rhinocheilus-lecontei
ad72ea0194,crotalus-ruber
58cd93d84d,storeria-dekayi
797bf37edf,storeria-dekayi
6c1f740183,lampropeltis-triangulum
22ee9b9874,lampropeltis-californiae
586ba03c24,pantherophis-guttatus
fec707022c,storeria-dekayi
eab43ca7a3,nerodia-sipedon
311d69ffb9,pituophis-catenifer
a45609e2f1,pituophis-catenifer
2b9e221d99,nerodia-erythrogaster
f8b43d780b,thamnophis-elegans
b982fadd00,natrix-natrix
59cff921b2,nerodia-sipedon
3f304c3d86,agkistrodon-contortrix
d6f1eb568f,nerodia-sipedon
0f1924cf80,diadophis-punctatus
f5b2a347ff,agkistrodon-contortrix
dd818fb360,lampropeltis-californiae
e8fe7df5ad,coluber-constrictor
cf79767545,nerodia-sipedon
6f4a0cf636,pantherophis-alleghaniensis
7cb6fcbad3,crotalus-horridus
9a07607611,diadophis-punctatus
3f63e4612d,pantherophis-obsoletus
e5e4aeeaf7,pantherophis-obsoletus
a3c79fb490,nerodia-sipedon
16fbebdc1f,thamnophis-proximus
274e3979b2,rhinocheilus-lecontei
99e9171fcb,nerodia-rhombifer
0f0969f7d7,agkistrodon-contortrix
da7acc2a0f,crotalus-atrox
c685ea9df1,thamnophis-sirtalis
6fa95b4e8d,agkistrodon-piscivorus
8ce3cee642,pantherophis-obsoletus
86915f6c43,thamnophis-sirtalis
282ce15a59,pantherophis-obsoletus
21b66186b7,lampropeltis-californiae
7f9dafc904,agkistrodon-piscivorus
cfcbf6740c,pituophis-catenifer
7391e1f35e,haldea-striatula
ac42c482a2,thamnophis-sirtalis
d400216179,pantherophis-vulpinus
18a1ebef0e,diadophis-punctatus
32fee7fe2c,nerodia-sipedon
bac648289c,agkistrodon-contortrix
6a6723f2d9,storeria-dekayi
e81112e8d1,crotalus-horridus
481f91feb4,thamnophis-elegans
d5636c22bd,pantherophis-alleghaniensis
25bc9f384d,pantherophis-emoryi
eaa7edf8dc,nerodia-rhombifer
fdb05268b8,pantherophis-vulpinus
e7cf15f7c1,storeria-dekayi
3619f16494,agkistrodon-contortrix
7a27082f24,pantherophis-spiloides
8d98278446,crotalus-atrox
b9d53ffd45,crotalus-atrox
5d6b176f01,thamnophis-marcianus
e97ba49b46,nerodia-sipedon
1e04c22e2f,nerodia-sipedon
790aa417c2,pituophis-catenifer
b58213e015,pituophis-catenifer
042c0fc943,haldea-striatula
47f515dbdc,nerodia-rhombifer
84298633ca,nerodia-fasciata
e5a6f90969,crotalus-scutulatus
93c3acd68a,pituophis-catenifer
7cd411e836,nerodia-sipedon
78398b7b6c,pituophis-catenifer
59e07d0848,storeria-dekayi
75b98c6e29,crotalus-horridus
b681aee40c,nerodia-erythrogaster
ac8fcab5ba,nerodia-sipedon
c68656ee58,thamnophis-proximus
a1ae1155b3,nerodia-sipedon
c685e04441,thamnophis-sirtalis
b24743c49c,nerodia-rhombifer
798c090b10,agkistrodon-piscivorus
ea135d3a89,opheodrys-aestivus
c06284e0af,pantherophis-emoryi
fe4b15022b,pituophis-catenifer
fbb94e594c,thamnophis-sirtalis
5f7a87f204,thamnophis-sirtalis
ed8e92ecf1,crotalus-atrox
9885c6266a,agkistrodon-contortrix
02a78ae220,lampropeltis-californiae
7b7117f0c1,nerodia-sipedon
70355e73f8,nerodia-sipedon
2fc72ef3f4,crotalus-atrox
5d3e048c96,nerodia-sipedon
25623b3ce6,diadophis-punctatus
083e3b50fd,crotalus-horridus
0f6b88fcfc,thamnophis-marcianus
91370ed279,masticophis-flagellum
7245fe93b9,storeria-dekayi
9cb7c4fd24,heterodon-platirhinos
7de50b5bdc,pantherophis-vulpinus
53a5a161de,crotalus-horridus
59fe71d682,agkistrodon-piscivorus
a8d2967840,nerodia-sipedon
3355a69bda,pantherophis-vulpinus
5dbde45405,opheodrys-aestivus
47e66422c8,pantherophis-obsoletus
adaa93af64,pantherophis-obsoletus
4fadd04098,crotalus-atrox
1be8871524,nerodia-sipedon
ab0cd50587,coluber-constrictor
9b755092e4,pantherophis-alleghaniensis
1e998306c0,pantherophis-obsoletus
07f075d594,opheodrys-aestivus
3d35b26c1a,nerodia-rhombifer
071901eca8,crotalus-horridus
022d71aae9,rhinocheilus-lecontei
4e8049b6d0,thamnophis-sirtalis
f354b8dfe7,pituophis-catenifer
f3a74d6ee0,pantherophis-obsoletus
2289e09d6a,lampropeltis-californiae
70483cb8ea,agkistrodon-contortrix
4d53b5cb4d,opheodrys-aestivus
e50bb5978a,diadophis-punctatus
48e9e8aff8,pantherophis-alleghaniensis
213acb4781,rhinocheilus-lecontei
e93cd41190,pantherophis-obsoletus
7ca16d8c1b,storeria-dekayi
b7fe892e44,lampropeltis-californiae
374615f6fb,diadophis-punctatus
5126df2646,agkistrodon-piscivorus
1104584d38,rhinocheilus-lecontei
dff6304429,thamnophis-marcianus
0c2849a26e,nerodia-erythrogaster
9d4ce5b72f,heterodon-platirhinos
a141a881e2,nerodia-sipedon
33346242e2,thamnophis-sirtalis
0d20d1c1a2,pantherophis-obsoletus
731a90d84c,pantherophis-guttatus
5e4c1c7cc2,agkistrodon-piscivorus
9db0bdd59d,opheodrys-aestivus
253843f209,pantherophis-obsoletus
e60709d049,opheodrys-aestivus
054a536789,rhinocheilus-lecontei
bf1a3b7b79,storeria-dekayi
d0612f3e8a,crotalus-atrox
eebe64532a,pantherophis-obsoletus
79594b42ef,masticophis-flagellum
bed81704c1,agkistrodon-contortrix
cbe0b8c85d,natrix-natrix
5ae808f8fd,lampropeltis-californiae
5d448c05e1,pantherophis-obsoletus
4d051b9208,thamnophis-sirtalis
88c9cc598c,opheodrys-aestivus
e81c30e876,storeria-dekayi
b9a8b67b16,nerodia-sipedon
9dabb5ee25,thamnophis-sirtalis
7ca6b80658,nerodia-erythrogaster
f60d7f670e,agkistrodon-contortrix
55d9dd5142,pantherophis-alleghaniensis
882a08649b,diadophis-punctatus
12fda3c135,nerodia-sipedon
8d13d818de,pantherophis-alleghaniensis
deb68826e6,haldea-striatula
0b5507f2a9,nerodia-erythrogaster
6925f4782a,pantherophis-obsoletus
37f32fb0ba,storeria-occipitomaculata
dd832524fa,thamnophis-sirtalis
c1f4d42327,haldea-striatula
d803830007,nerodia-rhombifer
beec8cc1ba,thamnophis-radix
11a5d8337e,pantherophis-obsoletus
f143d212b3,lampropeltis-triangulum
a77509b170,agkistrodon-contortrix
5c3936c628,diadophis-punctatus
21deaeaa17,pantherophis-guttatus
1dcaaad800,storeria-dekayi
484413b8d3,nerodia-sipedon
8f25d1fc53,nerodia-sipedon
8d63dc0ed6,thamnophis-proximus
c85a468e26,storeria-dekayi
ba083e8689,pituophis-catenifer
f99d915b6b,crotalus-horridus
855bd99878,thamnophis-marcianus
2266898888,pantherophis-obsoletus
46058d8161,pantherophis-spiloides
c6a13f622c,pantherophis-spiloides
e0ed8038c6,thamnophis-radix
4c11e184fd,nerodia-sipedon
12e603532f,diadophis-punctatus
5180638e96,pantherophis-obsoletus
b04dd2adec,nerodia-fasciata
7066af3e95,storeria-dekayi
dfbfdc7fec,pantherophis-obsoletus
cfb3f52655,crotalus-atrox
a294303eeb,nerodia-rhombifer
f7358c1693,thamnophis-proximus
9be3399776,opheodrys-aestivus
7eab2c68bb,crotalus-ruber
2a95741853,lampropeltis-californiae
d5b1906aa1,lampropeltis-triangulum
436330dda2,lampropeltis-californiae
d20b9db32d,storeria-dekayi
7aed34b899,pituophis-catenifer
65406d36a7,nerodia-rhombifer
f4853bcc67,thamnophis-sirtalis
c2719ab3f2,agkistrodon-piscivorus
4d8f022e07,crotalus-viridis
6ef01917c6,agkistrodon-contortrix
fae66dee74,nerodia-erythrogaster
c1acdf0a74,storeria-occipitomaculata
3ded70d7c3,thamnophis-sirtalis
83ab914a6d,opheodrys-aestivus
fdbb06d2b0,crotalus-viridis
29c12aa50b,pantherophis-obsoletus
f4402d15f7,storeria-dekayi
b1d252ae26,agkistrodon-contortrix
e12901072d,thamnophis-sirtalis
d495120d71,pantherophis-obsoletus
4380a651bf,thamnophis-elegans
0dca38a9c9,storeria-dekayi
c0575f37ac,agkistrodon-piscivorus
85bbb1d3fc,pantherophis-alleghaniensis
047788a264,nerodia-erythrogaster
cf6a306170,crotalus-viridis
3c187495d8,pantherophis-obsoletus
93c4e94fba,agkistrodon-piscivorus
a86943e07b,crotalus-horridus
c09b16ca15,nerodia-erythrogaster
9b478155ac,thamnophis-sirtalis
fdce965a85,storeria-dekayi
b86a0e9749,diadophis-punctatus
72e92d074b,thamnophis-sirtalis
442a001933,pantherophis-emoryi
f9ac703430,lampropeltis-triangulum
f41723b2b7,pantherophis-guttatus
9b4ad29201,diadophis-punctatus
0e7368ddf1,thamnophis-sirtalis
b5905be265,pantherophis-spiloides
af55a93714,lampropeltis-triangulum
b8022114ff,nerodia-fasciata
6869daa30d,thamnophis-sirtalis
f6826f3a44,agkistrodon-piscivorus
d846222a27,opheodrys-aestivus
8d8b41be92,pantherophis-spiloides
f5055dad14,storeria-occipitomaculata
f5464b6c4d,nerodia-sipedon
df783face0,thamnophis-sirtalis
5366409cc9,thamnophis-sirtalis
20070bf8e0,crotalus-horridus
a8ae4b2cc4,thamnophis-radix
ebbfcc7256,nerodia-erythrogaster
e0af3ec1dc,opheodrys-aestivus
f8c29af6a4,pantherophis-obsoletus
51aeb208e1,pantherophis-alleghaniensis
4892a7b03e,thamnophis-marcianus
30d3a273c1,thamnophis-radix
9dea0393b2,pituophis-catenifer
5b06a39081,haldea-striatula
9acd404c7b,crotalus-atrox
b6467c0d86,crotalus-viridis
ad18b657f0,nerodia-sipedon
fdf6135552,thamnophis-radix
1af0a36d6c,nerodia-erythrogaster
547f6b9455,pantherophis-obsoletus
bb222ddaa9,lampropeltis-californiae
3e53802c11,crotalus-atrox
44be6183a7,storeria-dekayi
c73c3c3b9b,thamnophis-proximus
f519f23157,crotalus-ruber
1e56fb5139,agkistrodon-piscivorus
b4699a9c84,storeria-occipitomaculata
c25b2a530d,thamnophis-sirtalis
c0c6aa8b10,rhinocheilus-lecontei
88608b60c6,pantherophis-emoryi
1e416f3e13,masticophis-flagellum
40988857ce,nerodia-sipedon
0c89d31702,pantherophis-obsoletus
ed26fe7996,storeria-occipitomaculata
94fe7ff244,thamnophis-proximus
46ee76ccb8,pantherophis-obsoletus
d65c2dc896,nerodia-sipedon
b0ebe0ec7c,pantherophis-guttatus
b976cbbc89,crotalus-ruber
8ba809dab1,pantherophis-obsoletus
375696a37f,nerodia-erythrogaster
9db974a233,crotalus-atrox
31b15b7404,thamnophis-proximus
8d33851a8b,thamnophis-marcianus
17b3968ced,heterodon-platirhinos
92dc510a40,thamnophis-sirtalis
512fc9e23c,rhinocheilus-lecontei
d3a15518ac,agkistrodon-contortrix
606b454ea5,crotalus-scutulatus
9e8f1195b3,crotalus-scutulatus
9b09290d21,lampropeltis-californiae
143df6c4aa,nerodia-erythrogaster
db06bafc17,crotalus-horridus
090abdc8b8,nerodia-rhombifer
ed7b95d537,storeria-dekayi
ebdbb4edfa,diadophis-punctatus
e51bebd7ce,thamnophis-marcianus
65faa9df15,pantherophis-obsoletus
7cf1559b96,nerodia-rhombifer
809a0a209e,thamnophis-sirtalis
14a0397527,pantherophis-obsoletus
db945af48b,storeria-dekayi
3338b33890,pantherophis-obsoletus
c3f5e146ba,thamnophis-marcianus
722b6323ec,agkistrodon-piscivorus
4a6b1852d0,thamnophis-sirtalis
9a73a81dff,crotalus-ruber
44e2cc78d3,pantherophis-alleghaniensis
e36fa6f2e6,agkistrodon-piscivorus
37701846eb,opheodrys-aestivus
c4804cb27f,thamnophis-sirtalis
2f774a0168,pituophis-catenifer
477737deba,thamnophis-sirtalis
684a7b08ae,agkistrodon-contortrix
aadfad28f5,lampropeltis-californiae
2847d4e56d,nerodia-sipedon
2e9f1674bc,nerodia-sipedon
385ea02927,pantherophis-vulpinus
aaa615d84a,heterodon-platirhinos
4a56a9830a,nerodia-rhombifer
add4ded433,nerodia-rhombifer
86cb5618f9,crotalus-horridus
8e1be27f76,heterodon-platirhinos
41de4add86,nerodia-erythrogaster
618148c93a,opheodrys-aestivus
94384b64ee,thamnophis-sirtalis
98ca8e97e3,lampropeltis-triangulum
58a809a5da,pantherophis-alleghaniensis
c82b0038fb,thamnophis-sirtalis
3e948e13ad,lampropeltis-californiae
b77fbe5457,crotalus-horridus
5ea87a2f3d,agkistrodon-piscivorus
3aaaeb3001,pituophis-catenifer
855792de01,pantherophis-guttatus
a4936afac4,coluber-constrictor
68570123d7,nerodia-sipedon
ab501eeaa1,nerodia-sipedon
fa68e6c437,thamnophis-sirtalis
b78234966e,thamnophis-sirtalis
d8989a7ebd,thamnophis-sirtalis
de9b02c30b,diadophis-punctatus
8d02041d76,pantherophis-guttatus
924799e3f4,thamnophis-proximus
9a78bc503d,thamnophis-marcianus
fe652f12b4,crotalus-atrox
ff8781cb80,pantherophis-obsoletus
c41ed9c05b,opheodrys-aestivus
3024fa18e5,agkistrodon-piscivorus
488901ecd7,pituophis-catenifer
3bbdab923c,nerodia-sipedon
08a0158c25,masticophis-flagellum
3563d17587,coluber-constrictor
50281e1d1d,pituophis-catenifer
a28a1a35a7,nerodia-sipedon
8161449847,lampropeltis-californiae
b9179ad8ed,heterodon-platirhinos
aeeb16bfec,nerodia-fasciata
2c983824a0,crotalus-ruber
8481649aee,thamnophis-sirtalis
20f14eedb1,pantherophis-obsoletus
341d33701d,crotalus-atrox
df0fb047d2,nerodia-fasciata
4228389f4b,lampropeltis-triangulum
0ce760d438,thamnophis-marcianus
7d316f0c9d,pantherophis-obsoletus
d98003bb75,nerodia-sipedon
4f39265344,pantherophis-obsoletus
012154c583,pituophis-catenifer
cfa7ab3db8,diadophis-punctatus
5ac4d84b46,crotalus-atrox
a1d9f93887,opheodrys-aestivus
4fa2f1b008,pantherophis-alleghaniensis
b45b7e4c81,masticophis-flagellum
786ba4ba4b,nerodia-fasciata
31614aea45,lampropeltis-californiae
d111dafe36,crotalus-atrox
c2608c8551,thamnophis-sirtalis
cc7b9bd6ed,pantherophis-obsoletus
9582dbeb27,pantherophis-obsoletus
1e665d3a05,thamnophis-sirtalis
50d38f3707,thamnophis-sirtalis
79818ed7bd,lampropeltis-californiae
13ebc1770d,crotalus-atrox
92643765f4,thamnophis-sirtalis
c5b4577265,crotalus-atrox
46e4512b8e,pantherophis-alleghaniensis
79e5a876ae,nerodia-erythrogaster
eda032e523,nerodia-sipedon
0fd905ded1,storeria-dekayi
ef82006232,pituophis-catenifer
4b823fb6b9,nerodia-rhombifer
c71ddedbd6,thamnophis-sirtalis
8ab088c8fe,nerodia-sipedon
2a686ef996,pantherophis-emoryi
44827e0c96,crotalus-ruber
c3c66a42cd,pantherophis-alleghaniensis
97a2c7ecb7,opheodrys-aestivus
68f05a3a85,diadophis-punctatus
d67f206f3d,agkistrodon-contortrix
1b9dd02d06,thamnophis-sirtalis
7cead4b1c3,thamnophis-sirtalis
785a849ff5,crotalus-atrox
02fa6b3ee5,pantherophis-obsoletus
87318c3aca,nerodia-sipedon
bb4b7c9f3b,pituophis-catenifer
647d580a8c,thamnophis-sirtalis
c28fa93914,pituophis-catenifer
1d6504604f,pantherophis-alleghaniensis
b960c924af,storeria-dekayi
95f24f6dbf,pantherophis-obsoletus
144981a319,pituophis-catenifer
c5843ff6bc,storeria-dekayi
3981bb53f1,nerodia-erythrogaster
8cb6eebb38,thamnophis-sirtalis
8111c15451,pantherophis-obsoletus
0dddf76dfe,coluber-constrictor
5421f5b6ca,coluber-constrictor
f2d94b49ca,pituophis-catenifer
76cdffaffb,natrix-natrix
46a6a306fc,pantherophis-alleghaniensis
2b6245d77b,opheodrys-aestivus
c47c82122f,thamnophis-sirtalis
c04ef971c2,heterodon-platirhinos
d112dcec1e,thamnophis-sirtalis
6c78d9c8ce,thamnophis-sirtalis
1d3c4f7d2f,thamnophis-sirtalis
9c88832a7a,diadophis-punctatus
0cc412b743,storeria-dekayi
813751c7fe,thamnophis-sirtalis
fba47323dd,agkistrodon-piscivorus
4733a797e4,pantherophis-alleghaniensis
811119a90b,thamnophis-sirtalis
0d08d8becf,thamnophis-sirtalis
f3bdc27db9,agkistrodon-piscivorus
bbe79f4604,pantherophis-vulpinus
d5fb0f6816,pituophis-catenifer
f94be71c7a,coluber-constrictor
4a247becfb,opheodrys-aestivus
89a8cb0e76,pantherophis-guttatus
ef54757e06,pantherophis-obsoletus
da8f5e5486,thamnophis-sirtalis
386f649b46,thamnophis-radix
ef07005750,nerodia-erythrogaster
33c33c3665,lampropeltis-triangulum
d919c074ed,diadophis-punctatus
343d7275b2,storeria-dekayi
1794be2478,thamnophis-sirtalis
038eefc633,pantherophis-obsoletus
033c590985,lampropeltis-californiae
1288525568,nerodia-sipedon
3b0596bd51,agkistrodon-contortrix
84191bfd5a,pantherophis-vulpinus
11660a3b49,crotalus-horridus
b5b4689c0d,pantherophis-obsoletus
6bc53a3ab8,nerodia-fasciata
c095ab66df,crotalus-scutulatus
6f44735f58,nerodia-erythrogaster
2f3f358d43,nerodia-erythrogaster
da3f1c4d6e,pantherophis-obsoletus
0b975a80ed,thamnophis-sirtalis
e27ca7d445,lampropeltis-californiae
14c1f66246,thamnophis-sirtalis
69d4b15fd1,lampropeltis-triangulum
657cdeaa72,pantherophis-obsoletus
5b356b946f,pantherophis-obsoletus
8b2bbb9546,pituophis-catenifer
2b8b168c61,thamnophis-marcianus
e3654cac52,lampropeltis-californiae
65683b5376,storeria-dekayi
fc4dbc6d5d,diadophis-punctatus
3dccd63a1c,thamnophis-sirtalis
25891d7e28,rhinocheilus-lecontei
7d47015e7f,pituophis-catenifer
451a823673,thamnophis-sirtalis
d930d37135,pantherophis-guttatus
b937924469,lampropeltis-californiae
ad64e08277,pantherophis-emoryi
19bd628df5,thamnophis-sirtalis
f247f88b68,pantherophis-spiloides
ba00658f4c,diadophis-punctatus
68722a30ea,nerodia-rhombifer
36beae29d4,nerodia-sipedon
ce8b6913f4,nerodia-fasciata
fbf220a77a,coluber-constrictor
5cb1e2553b,crotalus-atrox
992f8823fb,opheodrys-aestivus
c10ff40811,thamnophis-elegans
b1d492d342,lampropeltis-triangulum
713804346e,heterodon-platirhinos
1c54dbdb06,thamnophis-radix
db28e1151c,crotalus-ruber
162a7cdf2a,pantherophis-emoryi
e9d344e301,lampropeltis-triangulum
8610476c82,pantherophis-spiloides
054481ab8f,thamnophis-radix
881fd4dc15,natrix-natrix
01bc7841f0,storeria-dekayi
11f0e3c25b,crotalus-atrox
68642c8410,lampropeltis-triangulum
b73f6347cd,lampropeltis-californiae
b3452f1934,thamnophis-sirtalis
963998afb6,crotalus-atrox
6dbd0674dd,lampropeltis-californiae
7ed1337bff,coluber-constrictor
55e04b0100,crotalus-atrox
a8827df7c1,pituophis-catenifer
1f393e851f,storeria-occipitomaculata
54d2fa2eda,thamnophis-sirtalis
d93873fdb7,storeria-dekayi
bf1a6aa6aa,thamnophis-sirtalis
7c63285d95,crotalus-scutulatus
ce17bee7ea,thamnophis-sirtalis
fa0e46865e,crotalus-atrox
c2ad7b1b76,nerodia-sipedon
6dea60b535,masticophis-flagellum
73bda1efb3,pituophis-catenifer
0a92678115,nerodia-sipedon
8bb0c18e00,thamnophis-sirtalis
15f4557735,nerodia-erythrogaster
72d0f049bf,crotalus-atrox
f35100aade,agkistrodon-contortrix
d44c8d5314,pantherophis-obsoletus
0fa9fc3183,nerodia-sipedon
c484be18d6,thamnophis-elegans
d6279d9ecd,pituophis-catenifer
a1c21d6672,pantherophis-spiloides
bde7c1f5cc,nerodia-rhombifer
e1dce31f83,nerodia-erythrogaster
227ad5b05c,nerodia-erythrogaster
b830d5dbe5,nerodia-sipedon
ccb79ed307,thamnophis-sirtalis
fef6cec454,storeria-dekayi
b9509d1721,thamnophis-sirtalis
6f3af7373d,crotalus-horridus
57db3594db,nerodia-rhombifer
2472af6c57,pantherophis-obsoletus
bd43b49990,lampropeltis-californiae
64b358a9bb,opheodrys-aestivus
a59422c281,pituophis-catenifer
6cbc15a33e,lampropeltis-californiae
48a78ec539,diadophis-punctatus
ec24a7dba0,lampropeltis-californiae
49734a6ebf,agkistrodon-piscivorus
01008992e9,thamnophis-sirtalis
11790d01c8,thamnophis-sirtalis
40b8fc0e84,thamnophis-radix
14b51564a5,thamnophis-sirtalis
5a7b351a60,natrix-natrix
2a7b6c5b9c,thamnophis-sirtalis
26cab4eb5c,haldea-striatula
f03aa5df7a,thamnophis-sirtalis
b19e082892,pantherophis-obsoletus
cb82fa561f,crotalus-ruber
902a71bf05,pantherophis-obsoletus
7bf3a6739b,agkistrodon-piscivorus
8a604f1ddc,nerodia-sipedon
7f926d3284,thamnophis-sirtalis
96958ebf1b,nerodia-sipedon
9886f29ea0,pituophis-catenifer
a151d5bd1d,rhinocheilus-lecontei
601a036889,agkistrodon-piscivorus
ace74db921,crotalus-atrox
f92fe5e5b0,pantherophis-alleghaniensis
49f08ece45,agkistrodon-piscivorus
b8c09adadc,opheodrys-aestivus
8b704e36a2,pantherophis-alleghaniensis
3fd328c40e,thamnophis-proximus
07a1325194,heterodon-platirhinos
559a737051,pantherophis-spiloides
9784892755,storeria-dekayi
6b1f376295,agkistrodon-contortrix
2e0d21aede,pituophis-catenifer
4cb6776f57,pantherophis-obsoletus
dad51cd1dd,nerodia-sipedon
160ff28e12,crotalus-ruber
ac2b560e59,diadophis-punctatus
80960684df,thamnophis-marcianus
dda7fe77cf,thamnophis-proximus
41b6e2b209,crotalus-viridis
4e786381ff,pantherophis-emoryi
e6f6b08dc0,thamnophis-marcianus
39ae08a8a2,pituophis-catenifer
07ad933b01,agkistrodon-piscivorus
ab72fae277,pantherophis-obsoletus
17b254d95e,crotalus-atrox
d0a8efe351,pantherophis-obsoletus
ccf22994e8,crotalus-horridus
dc912c11c4,nerodia-sipedon
cd41d47965,pantherophis-obsoletus
c73f697001,pantherophis-alleghaniensis
bf0251ff3c,pantherophis-alleghaniensis
42649255bc,thamnophis-sirtalis
293259d508,opheodrys-aestivus
4cc20d0bc8,thamnophis-sirtalis
8fabf4c798,opheodrys-aestivus
5d0faf4c7b,pantherophis-alleghaniensis
e739a016b4,crotalus-atrox
222f09d68c,thamnophis-sirtalis
a4bf73e176,storeria-dekayi
b137ef058f,nerodia-erythrogaster
c1039f5273,lampropeltis-triangulum
b8c8491cb6,pantherophis-spiloides
ee31dcdf27,pantherophis-obsoletus
718bc14e1a,thamnophis-sirtalis
67fea1ff7d,thamnophis-sirtalis
e801ee6840,thamnophis-sirtalis
8d2b02a4b8,lampropeltis-californiae
1fff5a46d7,pantherophis-alleghaniensis
045f997c55,thamnophis-sirtalis
c724879503,thamnophis-sirtalis
ceb38802d8,thamnophis-sirtalis
f54c8489c0,crotalus-atrox
8a1aa78cda,agkistrodon-piscivorus
a89830d58e,pantherophis-obsoletus
857c430acc,thamnophis-marcianus
727d39c386,pantherophis-obsoletus
e46e1ff177,crotalus-horridus
ff36f08f54,thamnophis-sirtalis
42b9ebe601,nerodia-rhombifer
6c2e15cfe3,lampropeltis-californiae
b0b4a61772,thamnophis-sirtalis
c08388a48f,lampropeltis-triangulum
bbfba08e73,lampropeltis-californiae
8d52547e5f,heterodon-platirhinos
34e6afb98b,nerodia-sipedon
5d82166868,storeria-dekayi
991a9dbcb3,thamnophis-marcianus
e0b2962c83,crotalus-atrox
57050111e0,nerodia-rhombifer
559ed5ed62,rhinocheilus-lecontei
cfa6f0c0ea,rhinocheilus-lecontei
68ffd2a53a,thamnophis-proximus
b9afe1d694,pantherophis-spiloides
03e5159380,nerodia-rhombifer
7b9765dd01,crotalus-horridus
5b1613f007,agkistrodon-piscivorus
a48ae72b05,nerodia-rhombifer
55558305ba,lampropeltis-triangulum
895249fbf8,pantherophis-guttatus
3dcee426bd,nerodia-sipedon
0dffc5dc0a,crotalus-viridis
fbda0ff664,lampropeltis-californiae
47241a7a2f,nerodia-sipedon
d417d4f631,pantherophis-obsoletus
23ad837e57,agkistrodon-contortrix
6f2c9b0a8e,crotalus-horridus
a01abc8b06,thamnophis-marcianus
c6ca718826,agkistrodon-piscivorus
ab888375df,lampropeltis-californiae
2b1db1ded4,pantherophis-vulpinus
fd6832ac73,storeria-dekayi
485a5b3419,nerodia-sipedon
aedeb630da,lampropeltis-triangulum
09f01bb907,lampropeltis-californiae
a763ba3648,thamnophis-proximus
dc5f2f060a,opheodrys-aestivus
dd01683edc,pantherophis-obsoletus
e931b94a50,thamnophis-sirtalis
fa58c0f04f,thamnophis-sirtalis
e2c8b01054,agkistrodon-piscivorus
15ddd7bca3,crotalus-horridus
f00a203827,lampropeltis-californiae
1cc583c86f,pituophis-catenifer
8ae15dfb92,agkistrodon-piscivorus
71150f768b,pituophis-catenifer
0823016b69,crotalus-atrox
d21d7e61ca,pantherophis-obsoletus
063269761f,thamnophis-sirtalis
700d8ecd83,pantherophis-vulpinus
4d2a67a53b,storeria-dekayi
3292dbb525,crotalus-horridus
207bea7c2e,lampropeltis-californiae
f47788339e,pantherophis-guttatus
79104dbf66,crotalus-atrox
42378b3f2f,thamnophis-marcianus
2a44495fb7,lampropeltis-californiae
3e2ea403b2,rhinocheilus-lecontei
f7e249aed9,thamnophis-marcianus
b92b1aedcc,rhinocheilus-lecontei
e1d6453f2b,crotalus-atrox
cceb5470db,heterodon-platirhinos
8486c55d6c,nerodia-erythrogaster
a0dd47833b,agkistrodon-piscivorus
1e056656bf,thamnophis-sirtalis
0b739e266e,crotalus-horridus
0394781976,thamnophis-sirtalis
13d58ec6aa,crotalus-atrox
860bb58cdf,crotalus-atrox
9f6fd47396,thamnophis-sirtalis
295ab7d70f,opheodrys-aestivus
e0e5b99f06,haldea-striatula
af99899112,pantherophis-alleghaniensis
a2d253f06d,nerodia-erythrogaster
db517bd3e6,pantherophis-vulpinus
6c5e01ce28,nerodia-erythrogaster
ad94af4567,nerodia-sipedon
a45fc803c9,thamnophis-radix
bfae6bd6d5,thamnophis-marcianus
688b2608c8,thamnophis-radix
3aedf03b93,opheodrys-aestivus
2988f6b14e,thamnophis-sirtalis
22533e6b71,pantherophis-emoryi
ff7735def6,masticophis-flagellum
292607026b,nerodia-rhombifer
3ccb420d0c,crotalus-atrox
13a059d87a,nerodia-sipedon
3c083b4590,nerodia-rhombifer
2cefdedb33,pantherophis-obsoletus
a60ce6d077,nerodia-rhombifer
5bb72556f9,pantherophis-vulpinus
9ebfc32ad0,nerodia-sipedon
f962e3439e,diadophis-punctatus
1930c4ef59,pantherophis-vulpinus
36ff5e2a56,crotalus-atrox
17f7991a24,thamnophis-sirtalis
e2852dfcc2,pantherophis-alleghaniensis
cac1cf0907,opheodrys-aestivus
6bc32ee53e,pantherophis-obsoletus
6fcc4ea871,pantherophis-obsoletus
b4d280970e,nerodia-fasciata
c0062f2cd3,nerodia-erythrogaster
1debbd0daa,crotalus-horridus
9e7a2e94c4,storeria-dekayi
b688c60e29,masticophis-flagellum
9315a4a9e9,thamnophis-sirtalis
fb5fc3ff56,lampropeltis-triangulum
87608051e5,thamnophis-sirtalis
b99098909e,thamnophis-sirtalis
47a8ec4f3e,crotalus-viridis
bd95ef304d,thamnophis-sirtalis
9b07f3eacf,crotalus-atrox
3412a66683,haldea-striatula
867f2ef9d9,lampropeltis-triangulum
5b4838e1e5,pantherophis-alleghaniensis
6ca03f6d63,opheodrys-aestivus
3f59a08941,nerodia-fasciata
91fb4fb5e5,pantherophis-obsoletus
825908cce1,nerodia-rhombifer
9d0d36b4b2,lampropeltis-californiae
a869568b74,crotalus-atrox
4bb31fa285,agkistrodon-piscivorus
8b8357c908,opheodrys-aestivus
452124f26d,storeria-dekayi
820f329919,thamnophis-radix
662449a569,lampropeltis-triangulum
2cb9a689f8,storeria-dekayi
ac132f5934,pituophis-catenifer
55c5a2a0bb,crotalus-horridus
77cdc9894e,pantherophis-obsoletus
b0669937f2,thamnophis-marcianus
416e8f5071,lampropeltis-triangulum
044b47bb18,pituophis-catenifer
b11275c440,pantherophis-guttatus
6d644b2b27,pituophis-catenifer
fe3fe692d4,crotalus-atrox
57ef22b097,agkistrodon-contortrix
d9fca7fbeb,crotalus-atrox
f3ecca6910,thamnophis-sirtalis
2004e8fe2c,pantherophis-obsoletus
5ed983ebe4,crotalus-horridus
0ce29ac201,opheodrys-aestivus
3327333217,pantherophis-obsoletus
ba126f9814,crotalus-atrox
58a86e1fbc,pantherophis-obsoletus
ce51028899,pituophis-catenifer
a075ddf05c,rhinocheilus-lecontei
27fe381477,crotalus-horridus
5fa87ae1fc,pantherophis-vulpinus
b5293b81b0,pituophis-catenifer
5653096047,pantherophis-vulpinus
37503e8da9,crotalus-atrox
aee44249a7,pantherophis-obsoletus
15003d8072,thamnophis-elegans
26ea706d87,thamnophis-sirtalis
b107b5bfec,pituophis-catenifer
e2fcddeb52,thamnophis-sirtalis
3abfa44d66,thamnophis-sirtalis
575fd1acd4,nerodia-sipedon
4e595ab339,diadophis-punctatus
eaedb4aeea,pituophis-catenifer
f26b948e46,thamnophis-sirtalis
9f10e1116b,lampropeltis-triangulum
da3f536aeb,coluber-constrictor
14265d230f,lampropeltis-californiae
87403ef53d,opheodrys-aestivus
b6ffe43c55,nerodia-sipedon
75ebbc0cd3,opheodrys-aestivus
b1e89ad24e,thamnophis-sirtalis
56c9e212e1,crotalus-atrox
c375eaa47c,pantherophis-obsoletus
9d60408184,coluber-constrictor
7c700cba7a,thamnophis-sirtalis
4846c2ff38,nerodia-sipedon
cca13460db,pituophis-catenifer
ace4428288,crotalus-atrox
f93b01cf67,haldea-striatula
381cd1d7b0,nerodia-rhombifer
30e4144ba5,nerodia-rhombifer
c96674a57e,agkistrodon-contortrix
b5fa9c891c,nerodia-erythrogaster
857dc26592,nerodia-fasciata
a76c44bb89,thamnophis-sirtalis
82e701f9a7,thamnophis-sirtalis
9e2d9ab3e2,thamnophis-sirtalis
a8ea06d10f,lampropeltis-californiae
594cc3fd5a,pantherophis-obsoletus
66533f8fc8,agkistrodon-contortrix
393100f69f,crotalus-ruber
be611db16b,pituophis-catenifer
e5a3e55619,heterodon-platirhinos
ab227abef4,nerodia-rhombifer
f89b383858,coluber-constrictor
bc050ff130,pantherophis-alleghaniensis
56c75093dd,lampropeltis-triangulum
63da8e83a5,nerodia-erythrogaster
ccd7709ba8,lampropeltis-californiae
624a6c0459,pantherophis-guttatus
f6f493238e,pantherophis-obsoletus
8ea489d2ec,nerodia-erythrogaster
4414687ddb,coluber-constrictor
16768932e7,lampropeltis-triangulum
4c3eb5bfb1,thamnophis-sirtalis
29da4e905f,pituophis-catenifer
3e77a414cf,thamnophis-sirtalis
480178afdb,opheodrys-aestivus
da1aeaec34,pantherophis-obsoletus
f9d30e7c25,nerodia-rhombifer
6c8893e5b9,nerodia-sipedon
fcb8d0382d,natrix-natrix
5ede340e32,agkistrodon-piscivorus
d1ef8c5ebe,masticophis-flagellum
20c98b7d75,natrix-natrix
a32ca206e4,opheodrys-aestivus
b14024890c,crotalus-atrox
eadd4b193b,thamnophis-sirtalis
1309de6784,pantherophis-guttatus
8c0ecbc291,thamnophis-sirtalis
86be30154b,coluber-constrictor
9cb8de814e,pantherophis-obsoletus
5f255f8a6f,pantherophis-spiloides
d6ed42c50b,crotalus-atrox
6ffd88def2,crotalus-atrox
348d974fa5,thamnophis-sirtalis
6ff13e6eb6,nerodia-sipedon
d441752d22,nerodia-rhombifer
d582a92123,agkistrodon-piscivorus
fa6146a028,pituophis-catenifer
35a1801b68,lampropeltis-californiae
9ecc4721bf,crotalus-atrox
7be7d952f8,nerodia-erythrogaster
d58eda8969,agkistrodon-contortrix
998a1cbe5a,agkistrodon-piscivorus
2f28b83984,storeria-dekayi
54126ca78d,diadophis-punctatus
d47dbad6f9,crotalus-atrox
b70ed6998c,agkistrodon-piscivorus
351a52d327,thamnophis-proximus
66c69c2d1a,opheodrys-aestivus
e09b662bd5,masticophis-flagellum
f457c263c5,pantherophis-obsoletus
1996c3c0a0,pituophis-catenifer
80c77ea095,pantherophis-obsoletus
8fea7a6f67,crotalus-atrox
e496c7ae34,crotalus-horridus
c33c94bd3d,heterodon-platirhinos
356311d35c,crotalus-scutulatus
00fefc891d,thamnophis-elegans
4d8e2d733d,nerodia-erythrogaster
8b16f8a4e1,agkistrodon-piscivorus
c606bb7282,masticophis-flagellum
07265abede,thamnophis-sirtalis
b5171d3348,pantherophis-obsoletus
00a3b82892,thamnophis-marcianus
e9b38ba43f,thamnophis-radix
27046a7f7d,opheodrys-aestivus
325e2a718c,opheodrys-aestivus
bd3de164e8,lampropeltis-triangulum
05bbc5070b,thamnophis-sirtalis
fe4bdf4f63,crotalus-atrox
f4459bc74a,haldea-striatula
77dd465e89,pituophis-catenifer
9db61dea8b,pantherophis-guttatus
d66c3f3d34,lampropeltis-californiae
986467ee6d,coluber-constrictor
bc055cfcf1,pituophis-catenifer
febc601a64,crotalus-horridus
4fb62fe5f4,thamnophis-proximus
5c0dcbb923,lampropeltis-triangulum
e405656b1b,storeria-occipitomaculata
89ac32a56d,thamnophis-radix
e037e771c3,storeria-dekayi
dd13ef5784,thamnophis-sirtalis
f5f14dcdd2,nerodia-rhombifer
7d40454b7b,nerodia-rhombifer
cbe325ab91,thamnophis-sirtalis
8b8f0dd5e6,pantherophis-obsoletus
fc58e19ca0,masticophis-flagellum
5e0fe76874,pantherophis-obsoletus
e42020f71e,lampropeltis-californiae
6ee21f4bbc,crotalus-viridis
7e25f7155c,thamnophis-marcianus
aba879e0f7,nerodia-erythrogaster
79e730fef9,lampropeltis-californiae
2d0a449a11,thamnophis-sirtalis
ddeaf09179,pituophis-catenifer
50a7c39fb7,lampropeltis-triangulum
018c739beb,nerodia-fasciata
fc94ed1d6d,crotalus-atrox
230c70d896,pituophis-catenifer
d2084ae837,natrix-natrix
580f638042,thamnophis-sirtalis
cd8dc76a5a,storeria-occipitomaculata
c8ca8f0048,crotalus-ruber
ef1690ca4f,rhinocheilus-lecontei
d484524f6a,storeria-dekayi
3e12eda545,storeria-dekayi
2874500090,nerodia-sipedon
279efc0706,thamnophis-sirtalis
ff8722be40,thamnophis-sirtalis
d1741bbdfa,pituophis-catenifer
277dc08855,nerodia-sipedon
79ce251e0a,crotalus-viridis
ec2cb44a7f,nerodia-erythrogaster
f13f3085ae,lampropeltis-californiae
368907beeb,nerodia-sipedon
cbb770ff5a,lampropeltis-californiae
543995ea87,heterodon-platirhinos
07624666fb,crotalus-atrox
bd32389689,lampropeltis-triangulum
f22cb96859,pituophis-catenifer
0a78ca4bcb,pituophis-catenifer
d6a80b7b94,thamnophis-sirtalis
ebcbf1382f,rhinocheilus-lecontei
c334072feb,storeria-dekayi
2e97263a6b,diadophis-punctatus
77321df6c5,crotalus-scutulatus
779248244f,pantherophis-alleghaniensis
8f336f0634,thamnophis-sirtalis
7bf2980a9d,thamnophis-sirtalis
4bbc8c4bcb,crotalus-ruber
e4827f9295,crotalus-atrox
bdbd9d005c,pituophis-catenifer
8b9db7077f,crotalus-atrox
ca33c6d5ad,agkistrodon-contortrix
2abb924a58,pantherophis-vulpinus
ccdceb7b04,pantherophis-obsoletus
1c53a0e9af,nerodia-rhombifer
9d5e6df395,pantherophis-obsoletus
14766b3230,coluber-constrictor
336c730066,thamnophis-sirtalis
b4f2848f54,lampropeltis-triangulum
c7c9fdada6,agkistrodon-piscivorus
2ea0beae2d,pantherophis-obsoletus
093655b322,crotalus-atrox
5eab328c5b,pantherophis-alleghaniensis
5955a29848,crotalus-scutulatus
07437a1fe8,nerodia-sipedon
f63b571452,lampropeltis-triangulum
2632a10a71,pantherophis-obsoletus
274fd61c14,thamnophis-sirtalis
a7f5375ba7,thamnophis-sirtalis
f037d55664,diadophis-punctatus
138924be68,pantherophis-guttatus
acd563d446,diadophis-punctatus
4b381d7348,agkistrodon-contortrix
0ae45b5aaa,pantherophis-vulpinus
a853ecfce0,thamnophis-proximus
f7ab9a3e13,pituophis-catenifer
231da2602e,diadophis-punctatus
48ac7f1c7d,nerodia-rhombifer
770de8c393,pantherophis-alleghaniensis
2049112874,pituophis-catenifer
d5c6a36fb3,pantherophis-alleghaniensis
5d5286410a,lampropeltis-triangulum
fbd2e05f9d,pantherophis-emoryi
5cb1e77e60,thamnophis-sirtalis
016c384a1a,storeria-occipitomaculata
7b7a456cd9,storeria-dekayi
99e3cdcc39,lampropeltis-californiae
a3df4a6366,pituophis-catenifer
3b99bf84d6,masticophis-flagellum
59cd4c4417,storeria-dekayi
a44d993fbe,lampropeltis-triangulum
806789a916,pantherophis-obsoletus
10c35c9661,thamnophis-sirtalis
d5998a22fb,agkistrodon-contortrix
f08e8cb28b,lampropeltis-californiae
d931cd921f,thamnophis-sirtalis
5ab3fc3b21,crotalus-horridus
9310ca3b13,storeria-dekayi
990d9f9cc7,thamnophis-sirtalis
b883a88123,agkistrodon-contortrix
659e1304ed,crotalus-viridis
632568f983,pituophis-catenifer
82b4daee47,storeria-dekayi
9e08e2e7c0,thamnophis-proximus
995da4bdfe,thamnophis-sirtalis
9ba5f59e0d,agkistrodon-piscivorus
ecc2bff41e,thamnophis-sirtalis
48807c6a7f,pantherophis-vulpinus
f9bfc13a70,agkistrodon-contortrix
0bc8c8b3d9,nerodia-rhombifer
9cd4b65c2c,nerodia-sipedon
511dffe7d2,lampropeltis-californiae
0d885db042,agkistrodon-piscivorus
10ff7e57d3,lampropeltis-californiae
b9551ebdb5,pantherophis-obsoletus
bb4acca82d,thamnophis-marcianus
6a5c796675,thamnophis-sirtalis
3ccba0002a,thamnophis-proximus
521a24cb0a,pantherophis-obsoletus
7db0e926a2,coluber-constrictor
82335fe2c5,lampropeltis-californiae
5f9a9502e6,thamnophis-sirtalis
10cea40844,nerodia-sipedon
a370764eb5,pantherophis-obsoletus
f5f5fa2cb8,storeria-dekayi
662387370b,nerodia-sipedon
c68022554f,thamnophis-marcianus
c36db9f26d,nerodia-sipedon
cbfddc9c88,pituophis-catenifer
cc51485193,lampropeltis-californiae
ca424e0558,thamnophis-marcianus
af114ec554,thamnophis-marcianus
cbd8652fef,pantherophis-obsoletus
80da121cf4,agkistrodon-contortrix
108da1072a,pantherophis-obsoletus
66f17263f8,thamnophis-marcianus
f5752a0f0a,nerodia-erythrogaster
e7e867160a,thamnophis-sirtalis
ca291a5737,crotalus-horridus
7f8c875465,diadophis-punctatus
195a2f4c3a,agkistrodon-piscivorus
2757eb8bbd,pantherophis-alleghaniensis
53d596c447,thamnophis-sirtalis
18a07e89ac,coluber-constrictor
1c806c5b9b,nerodia-sipedon
a8fae46a5a,agkistrodon-contortrix
eab9b89ad9,agkistrodon-contortrix
3afe948592,thamnophis-sirtalis
7230d4cc69,agkistrodon-contortrix
35e116cab9,crotalus-horridus
f7cf344e61,pituophis-catenifer
113f968224,pantherophis-spiloides
b1fb6982cd,heterodon-platirhinos
d50bdf5b2d,storeria-occipitomaculata
5c818f58a7,crotalus-horridus
533805ace7,agkistrodon-piscivorus
783d628cbf,thamnophis-sirtalis
543bb54091,pantherophis-obsoletus
59411ea382,nerodia-rhombifer
7326d26554,coluber-constrictor
5b848633ea,nerodia-sipedon
a1ba32ac3d,nerodia-rhombifer
c368ede9c3,pantherophis-guttatus
f1bae12c32,thamnophis-sirtalis
534d81b3e3,thamnophis-sirtalis
91a95ef9cb,nerodia-sipedon
78eac1ae97,nerodia-erythrogaster
f05faa4bb1,lampropeltis-californiae
f748cf3f7e,storeria-dekayi
142141ec62,pantherophis-obsoletus
c52ac38aa0,pantherophis-obsoletus
2c6828452e,opheodrys-aestivus
36cc932452,diadophis-punctatus
459bff3c88,agkistrodon-contortrix
c75bd067fd,opheodrys-aestivus
379c96f9ac,crotalus-atrox
65ba6853da,pantherophis-obsoletus
0db0392426,storeria-dekayi
b095d3ea2d,lampropeltis-triangulum
3415603d3c,opheodrys-aestivus
dafd6dd941,thamnophis-sirtalis
a7bce1f266,thamnophis-sirtalis
c6a741646d,crotalus-atrox
60dcbd5c62,thamnophis-proximus
f8f3d41360,crotalus-atrox
9b5e5fd103,rhinocheilus-lecontei
08f107e1e0,storeria-dekayi
d96a2f8208,rhinocheilus-lecontei
b03b72c2eb,lampropeltis-californiae
c4b9384f10,heterodon-platirhinos
6f2637eba0,thamnophis-sirtalis
e7fbaf1783,pantherophis-obsoletus
2b07b7f1fc,opheodrys-aestivus
22784e30bd,storeria-occipitomaculata
fc99bec64d,pantherophis-vulpinus
e759f3eb2e,agkistrodon-contortrix
9b56093388,lampropeltis-californiae
985cdf296c,thamnophis-proximus
af183d1608,agkistrodon-piscivorus
ebf7de46e9,crotalus-atrox
043d5f3770,diadophis-punctatus
0b36bcded4,opheodrys-aestivus
01ef98f8e1,nerodia-fasciata
47efeda4fa,lampropeltis-triangulum
fa62eae8c5,thamnophis-marcianus
3da4f0bcba,thamnophis-sirtalis
817a7ca50c,lampropeltis-californiae
4bb367498c,thamnophis-sirtalis
aca563e081,crotalus-viridis
c6db7228bb,pantherophis-obsoletus
8e4a48cec4,thamnophis-sirtalis
a3da69708a,natrix-natrix
b142b8a891,thamnophis-sirtalis
4142bb2db1,thamnophis-sirtalis
db3125c33e,crotalus-atrox
5a2623981f,crotalus-atrox
4b63db7a28,lampropeltis-triangulum
5a67e89081,thamnophis-radix
b250c512df,haldea-striatula
d952649529,diadophis-punctatus
3ac12b3402,nerodia-sipedon
6b15e3ec5f,heterodon-platirhinos
e4fa7fdae2,thamnophis-sirtalis
3c79a2b1b5,thamnophis-marcianus
63d96d44bd,crotalus-horridus
dc0f71785b,agkistrodon-contortrix
3715978259,crotalus-viridis
5c02da1538,pituophis-catenifer
a56a6fe0a7,nerodia-erythrogaster
1ca029bf84,nerodia-erythrogaster
053bbbfcb7,pituophis-catenifer
3a231f98df,storeria-dekayi
ef3c60bc6b,pantherophis-guttatus
82c4e51f8a,nerodia-sipedon
2c9e196186,storeria-dekayi
7c712866ff,nerodia-rhombifer
fa72b3fe67,masticophis-flagellum
2b8d448683,nerodia-sipedon
a75b4f3fb0,thamnophis-marcianus
7f2892af39,pantherophis-obsoletus
9877d40edb,nerodia-sipedon
603192bd4c,lampropeltis-triangulum
44a1a3e35f,pantherophis-obsoletus
9b5096caa1,thamnophis-sirtalis
8dc1f0796e,crotalus-viridis
53e70d9cee,crotalus-horridus
1b8242b960,nerodia-erythrogaster
03158930ae,crotalus-atrox
6039af7619,pantherophis-obsoletus
190a575a41,nerodia-sipedon
2fc944bb61,crotalus-atrox
d23b088919,agkistrodon-contortrix
f17ff6178e,lampropeltis-triangulum
401f315389,pituophis-catenifer
bd2046b98f,nerodia-sipedon
64808b2252,agkistrodon-piscivorus
abc0495ee8,nerodia-sipedon
cb9f92f658,nerodia-sipedon
7289b39618,nerodia-sipedon
d04605b05d,thamnophis-sirtalis
5cc447b09a,thamnophis-sirtalis
902ba5f792,crotalus-horridus
a0c3ea95cd,crotalus-atrox
93238c9b55,heterodon-platirhinos
9510d33970,storeria-dekayi
cc01857305,pantherophis-vulpinus
c379d985be,thamnophis-sirtalis
30d87fe508,crotalus-atrox
d49df213b1,thamnophis-marcianus
9262535d19,nerodia-sipedon
954cf7d09a,pantherophis-vulpinus
07adf1b336,pantherophis-obsoletus
25b2fbd6ca,heterodon-platirhinos
d67ee11156,thamnophis-sirtalis
4bb9005883,pantherophis-guttatus
d26718bf1b,diadophis-punctatus
f553f2da1c,crotalus-scutulatus
4bef4cae1b,storeria-dekayi
cc4949ffe3,nerodia-sipedon
8cffcf426d,masticophis-flagellum
17bff00b28,pantherophis-guttatus
e7b04cfe8c,agkistrodon-piscivorus
910ad43321,pantherophis-obsoletus
14b9be3fc8,nerodia-sipedon
d210b0b664,pituophis-catenifer
c20c4fedeb,crotalus-horridus
7aa2349bd4,pantherophis-alleghaniensis
22ee6908b7,storeria-dekayi
99d080b04b,pituophis-catenifer
91111d3298,thamnophis-sirtalis
bcaa37e00c,thamnophis-sirtalis
e8e4c7fbb1,nerodia-sipedon
ad27b3dc95,lampropeltis-triangulum
96c0e968cf,opheodrys-aestivus
c935ce3db7,opheodrys-aestivus
b6f53fbd8e,nerodia-erythrogaster
3f8b54c5b8,diadophis-punctatus
4c885eabe4,opheodrys-aestivus
2786b3576c,coluber-constrictor
a466efd69d,thamnophis-sirtalis
407c2c9dda,thamnophis-sirtalis
3565b03095,agkistrodon-piscivorus
6e9284955c,lampropeltis-californiae
8ed99e4c86,nerodia-erythrogaster
a5e69edc4b,agkistrodon-piscivorus
4e6c995bef,pantherophis-obsoletus
5ae9d343e8,thamnophis-sirtalis
e25a32c987,thamnophis-sirtalis
b30e722d22,crotalus-horridus
5afeda65d0,pituophis-catenifer
18ad85f471,crotalus-horridus
39927cfbaa,pantherophis-obsoletus
7b692d1127,crotalus-ruber
84fcbb8e68,pantherophis-guttatus
14ae30c15b,nerodia-sipedon
a603faa96e,storeria-dekayi
cd279c6a32,thamnophis-sirtalis
6aec488970,pantherophis-obsoletus
4702bb06b2,agkistrodon-contortrix
9f1f0c4d77,pantherophis-emoryi
37d255ba5a,pantherophis-obsoletus
9270b2e18c,pantherophis-guttatus
38d6a2113a,nerodia-rhombifer
c0f77950f7,agkistrodon-piscivorus
86a6eb367c,thamnophis-marcianus
3ad0cabc18,thamnophis-sirtalis
59b1221597,crotalus-horridus
1012f2362a,thamnophis-marcianus
daac1e1960,thamnophis-sirtalis
b1cb0097f1,thamnophis-sirtalis
073e9ff640,nerodia-sipedon
3105af6b71,coluber-constrictor
c2cbb5ab68,storeria-dekayi
8bd5db2b2b,pantherophis-alleghaniensis
6e0adfbf99,pantherophis-obsoletus
ebfb1532ab,thamnophis-sirtalis
7120a62958,nerodia-sipedon
c15675b887,nerodia-rhombifer
9604596853,agkistrodon-piscivorus
f2bc584e0b,thamnophis-radix
5ab91cb2ee,lampropeltis-californiae
a1177f99c4,coluber-constrictor
8c6e0cc938,crotalus-viridis
ff85bf00f2,thamnophis-sirtalis
35dba4ac51,crotalus-atrox
77cb900136,crotalus-atrox
f29d659e71,storeria-dekayi
e9bb397147,lampropeltis-californiae
6f7f36069e,crotalus-atrox
07989fe1c3,crotalus-atrox
768a99b9e5,lampropeltis-californiae
5512ed611d,thamnophis-sirtalis
b598056f93,thamnophis-sirtalis
8456d0ce23,pantherophis-obsoletus
f75b87d80d,crotalus-atrox
d69f21de4e,pantherophis-vulpinus
27163ec202,rhinocheilus-lecontei
414c6c1e8c,thamnophis-proximus
d11bd5b048,thamnophis-sirtalis
99206af14b,pituophis-catenifer
d5cb6099b8,thamnophis-radix
9f06ab71ae,lampropeltis-californiae
ec7281cd7c,crotalus-ruber
c2e01b4390,nerodia-erythrogaster
6a3c1344c4,thamnophis-proximus
8aba528ea0,thamnophis-sirtalis
0136882c08,heterodon-platirhinos
83bf58f0b1,pituophis-catenifer
0557d01771,crotalus-atrox
97022292ea,agkistrodon-piscivorus
f6cc3d20e0,thamnophis-sirtalis
f45f8ee077,crotalus-horridus
357c52b2f0,crotalus-ruber
90c8498d65,agkistrodon-contortrix
aa3c457150,nerodia-erythrogaster
1ce0e88a44,thamnophis-elegans
e218ba88c9,crotalus-viridis
57cec6689a,thamnophis-sirtalis
6a5112a54d,crotalus-horridus
ac9117b886,storeria-dekayi
2540a21720,thamnophis-proximus
dd169804df,thamnophis-sirtalis
c237e67115,pituophis-catenifer
fe298a3058,agkistrodon-piscivorus
4cc3b7adf3,thamnophis-sirtalis
6b81c6a99c,crotalus-atrox
e2009dad0c,pantherophis-vulpinus
08765181d5,opheodrys-aestivus
5e8c069be7,pituophis-catenifer
9339f7c45b,storeria-dekayi
ab978ec9f5,thamnophis-radix
0a308984b0,storeria-dekayi
4b444a7450,thamnophis-sirtalis
e985579c1c,pantherophis-obsoletus
a67125bb01,agkistrodon-piscivorus
2efa69a2f5,diadophis-punctatus
b8cc1ff52b,agkistrodon-piscivorus
5c2a00b326,lampropeltis-californiae
88c9895e1d,nerodia-fasciata
85a138a2b1,heterodon-platirhinos
031021f64c,nerodia-fasciata
afc6314ff1,crotalus-atrox
2e6564e977,nerodia-rhombifer
26492ca0f0,pantherophis-obsoletus
8830373ae9,agkistrodon-piscivorus
c834e92d7b,pantherophis-vulpinus
1ae509bbff,pantherophis-obsoletus
1edb40263d,crotalus-horridus
28ed4d6904,opheodrys-aestivus
2597f7e76d,coluber-constrictor
3b7ab4e0d8,lampropeltis-californiae
82b1d44782,thamnophis-sirtalis
9000233532,nerodia-erythrogaster
a0da4b8579,thamnophis-radix
7f8365af3d,thamnophis-sirtalis
f178404533,nerodia-erythrogaster
da99774679,nerodia-erythrogaster
635181b9d2,storeria-dekayi
81176ee1c5,thamnophis-sirtalis
aae5d3dda7,nerodia-sipedon
7e52574588,opheodrys-aestivus
33b4f8c6ee,nerodia-sipedon
929d07dc6c,pantherophis-obsoletus
6d39dfc724,pantherophis-obsoletus
2d6aff49e2,thamnophis-sirtalis
372bc68670,haldea-striatula
ec60c2ed8a,thamnophis-elegans
62d1292fff,nerodia-sipedon
a020682646,thamnophis-sirtalis
2006370aad,pantherophis-guttatus
ccf697d8ee,thamnophis-sirtalis
482495a29c,crotalus-atrox
ebee509f76,pituophis-catenifer
ec5bf8fc94,nerodia-fasciata
ff2bb74401,agkistrodon-piscivorus
9687257d87,lampropeltis-californiae
1672540ff2,masticophis-flagellum
40f8894ab0,diadophis-punctatus
eeeb364f80,crotalus-atrox
17b6bccd26,thamnophis-elegans
6b5fdb070a,thamnophis-sirtalis
fb2fc7f287,coluber-constrictor
bc238794f9,thamnophis-sirtalis
93447ffb77,crotalus-viridis
c508eadaf2,pituophis-catenifer
cf457786fd,lampropeltis-californiae
4c47136817,thamnophis-sirtalis
f5215fb122,crotalus-atrox
36f8a53278,pantherophis-guttatus
da4b78e030,heterodon-platirhinos
3857f94d7f,pantherophis-spiloides
95aa99daf1,heterodon-platirhinos
2f71e4dbc5,nerodia-sipedon
494fb17d3f,nerodia-erythrogaster
2783f6e72e,crotalus-atrox
0a1cb5c228,crotalus-ruber
ee9f2b0478,crotalus-atrox
ea7589812a,crotalus-viridis
0bec79eaff,crotalus-viridis
594372deba,pantherophis-spiloides
b48d02b277,opheodrys-aestivus
6143211fb1,crotalus-atrox
9ccf3dc324,pantherophis-alleghaniensis
3ab63ae9ff,thamnophis-radix
155a2f53cf,pituophis-catenifer
dfada263c6,nerodia-sipedon
4932b1089d,lampropeltis-triangulum
6d58bdcf39,thamnophis-sirtalis
734cb7f4b6,pituophis-catenifer
e1f9280372,pantherophis-vulpinus
86f3c1735d,pantherophis-guttatus
07c9d2aa3b,crotalus-ruber
7683989c81,pantherophis-obsoletus
2890dcea84,agkistrodon-piscivorus
ef9804663f,nerodia-sipedon
6af9df245c,pantherophis-guttatus
f1c06381a3,thamnophis-radix
2d28192243,lampropeltis-triangulum
9896a79a1d,storeria-dekayi
9a9ae8f452,pantherophis-vulpinus
de6161fc29,pantherophis-obsoletus
2a74549a83,pantherophis-obsoletus
5dfc97da50,pantherophis-alleghaniensis
b79cdcde09,pantherophis-alleghaniensis
412b9deed5,pantherophis-obsoletus
827ade5a7b,thamnophis-sirtalis
018a9dc8d3,storeria-dekayi
98707250c7,lampropeltis-californiae
7c81f46daf,thamnophis-sirtalis
ae0e1c4a78,pantherophis-spiloides
a2ff49924c,lampropeltis-californiae
2c92388500,thamnophis-proximus
fb5ea6dd78,crotalus-horridus
c795f9a09c,storeria-occipitomaculata
96964b08d8,thamnophis-marcianus
82f95efa2b,thamnophis-sirtalis
b3937b0554,nerodia-fasciata
1b6152c43b,nerodia-erythrogaster
97a30ec6dd,crotalus-horridus
dece1935ee,haldea-striatula
4653c6fd7c,storeria-dekayi
eca3e3a92b,lampropeltis-triangulum
96e30cfac5,agkistrodon-contortrix
d1f106e978,thamnophis-elegans
657db6cb59,pituophis-catenifer
31038dddc5,pantherophis-obsoletus
4511368f4f,thamnophis-sirtalis
4fca272540,pantherophis-obsoletus
961f8aa971,storeria-dekayi
41e50ec9ca,crotalus-atrox
ad2a1a1ce2,lampropeltis-californiae
92b9fd66a7,pantherophis-obsoletus
b2cb283e6a,diadophis-punctatus
a128fcabc1,nerodia-sipedon
01cdc5a346,crotalus-atrox
6f6c719cd8,rhinocheilus-lecontei
7b073b871d,thamnophis-sirtalis
fb161a2da0,pituophis-catenifer
8639fe5b0f,diadophis-punctatus
6c514aa440,pantherophis-guttatus
4e410fc7b2,pituophis-catenifer
c447daa98a,pantherophis-obsoletus
33327a3289,thamnophis-marcianus
0e00591aa0,nerodia-sipedon
c639c6450f,lampropeltis-triangulum
fd7f5407f9,thamnophis-sirtalis
30379927e5,thamnophis-proximus
faee0c2011,thamnophis-sirtalis
8a40ad504a,thamnophis-sirtalis
8b88fdf313,agkistrodon-piscivorus
5f46d656ec,agkistrodon-piscivorus
316bdbcb02,nerodia-rhombifer
e72a84360b,storeria-dekayi
b639c34385,rhinocheilus-lecontei
37169c7bb0,nerodia-sipedon
3addd707c9,nerodia-rhombifer
8cfc6dd3fc,crotalus-atrox
a2bfde867b,storeria-dekayi
22bddb0584,agkistrodon-piscivorus
4190fde1f9,diadophis-punctatus
3d0d434f77,pantherophis-vulpinus
f01f1bf65f,pantherophis-spiloides
5ac87d5d17,thamnophis-sirtalis
3e3c7d6a97,nerodia-fasciata
40b6a032cf,pantherophis-emoryi
b68524273d,rhinocheilus-lecontei
ab9310747f,haldea-striatula
cf0eb86b3b,lampropeltis-triangulum
e82ae7b777,crotalus-ruber
0124071f58,pantherophis-spiloides
37acecc0dd,pantherophis-alleghaniensis
23c8856939,thamnophis-sirtalis
40ae26e406,pituophis-catenifer
4af1ee7c2d,thamnophis-marcianus
3fee6efbe8,crotalus-viridis
2d29d24cdb,lampropeltis-californiae
0d39054a9c,storeria-dekayi
25f552c213,heterodon-platirhinos
9a9ff1f37e,crotalus-atrox
9685d88cba,lampropeltis-triangulum
95f1a02753,pantherophis-alleghaniensis
c9cec706f3,pituophis-catenifer
d842503f72,nerodia-erythrogaster
3ae45feeeb,pantherophis-obsoletus
5179b57412,thamnophis-sirtalis
ff0d5db8c9,thamnophis-proximus
c47ad4521c,pantherophis-obsoletus
4086ec30bf,pantherophis-obsoletus
fb500e597c,pantherophis-guttatus
0fdca857ba,nerodia-erythrogaster
16e3dff323,diadophis-punctatus
70463ea3f3,nerodia-sipedon
9de805091c,pantherophis-obsoletus
3e2ba8887b,crotalus-atrox
0a238c03e4,thamnophis-sirtalis
8c27c26f9f,pantherophis-spiloides
447e96a831,crotalus-horridus
4c173568d9,nerodia-fasciata
5948054f6e,thamnophis-radix
cfb9943f32,crotalus-horridus
0989b197e5,pantherophis-obsoletus
93d698c9bb,thamnophis-sirtalis
40ff71dcbb,pituophis-catenifer
ddb3ee4efc,agkistrodon-piscivorus
94b92dedec,heterodon-platirhinos
14da1fc791,crotalus-scutulatus
e97587c12c,crotalus-horridus
50e33fc24f,storeria-dekayi
2d146d1f12,agkistrodon-contortrix
2e359108b2,pituophis-catenifer
55a884982c,pantherophis-obsoletus
cc40d66bfb,nerodia-sipedon
a8f470944a,coluber-constrictor
b83f491562,lampropeltis-triangulum
45cdae2a4e,nerodia-sipedon
2c92500ad7,haldea-striatula
380f7deecf,nerodia-sipedon
9059623576,crotalus-atrox
276c2680f9,agkistrodon-contortrix
2fa9ef0310,opheodrys-aestivus
d0c7913d75,crotalus-atrox
9ce405566f,lampropeltis-californiae
c98b81ad8a,crotalus-scutulatus
e3aa373714,opheodrys-aestivus
1e4f536605,storeria-dekayi
ec209ef519,heterodon-platirhinos
582700d0c7,lampropeltis-triangulum
7727cb44a1,storeria-dekayi
bc92129dc2,coluber-constrictor
d92656ecc3,agkistrodon-piscivorus
d76ff1ac44,crotalus-atrox
3034db32e1,nerodia-rhombifer
35b6982636,thamnophis-sirtalis
1ac3b66cc3,nerodia-erythrogaster
36534fcac5,thamnophis-sirtalis
10b1acb0b6,agkistrodon-contortrix
54dcbb96e0,agkistrodon-piscivorus
731da2fb12,agkistrodon-piscivorus
dce52386f5,thamnophis-sirtalis
18b89918ca,pantherophis-obsoletus
839899700a,nerodia-sipedon
84614e40b8,thamnophis-sirtalis
a7723f7ef4,opheodrys-aestivus
1d8ea15457,pantherophis-obsoletus
a487c28099,crotalus-atrox
7240b699f4,diadophis-punctatus
8a759fc288,pantherophis-obsoletus
13b138dcc4,pantherophis-obsoletus
f7be9664a7,masticophis-flagellum
641a4f65bc,opheodrys-aestivus
bd4f7d349e,coluber-constrictor
000e2d0a91,crotalus-viridis
ce502ba8a0,crotalus-viridis
97d93358ab,thamnophis-sirtalis
46f9560c99,pituophis-catenifer
5888a3e522,pantherophis-vulpinus
84d4a08b93,opheodrys-aestivus
8293286f7c,pantherophis-obsoletus
4c01b5b8ba,lampropeltis-californiae
13854590ea,crotalus-atrox
1a019b53b3,lampropeltis-californiae
7f2637a665,crotalus-ruber
46d28d1bf2,pantherophis-vulpinus
ba4c35ebf2,pantherophis-spiloides
c4476648be,coluber-constrictor
0e8f2965b4,crotalus-scutulatus
e4bcba036b,nerodia-erythrogaster
dc6f3721ba,pantherophis-obsoletus
e9b8444822,lampropeltis-californiae
02eda2c865,crotalus-atrox
32edd9e217,pantherophis-alleghaniensis
0a23c6dbed,crotalus-horridus
0138d2cb1a,pantherophis-vulpinus
a265b17556,thamnophis-sirtalis
5360e19610,pituophis-catenifer
6929c425fd,pantherophis-alleghaniensis
d1006244a6,nerodia-fasciata
561e39734f,thamnophis-marcianus
8f31a0a689,pituophis-catenifer
7012d40d2f,nerodia-erythrogaster
7a35c857bc,diadophis-punctatus
f77e1aa99f,thamnophis-sirtalis
75252599b9,lampropeltis-californiae
4af6d73d49,nerodia-sipedon
cd7d579dab,lampropeltis-californiae
7b0ad73599,nerodia-rhombifer
34b33a11fa,nerodia-sipedon
3170f538d1,crotalus-atrox
8586ab31a9,haldea-striatula
08acf2e47d,pantherophis-obsoletus
b1286d3868,storeria-dekayi
2d0f08fa36,crotalus-viridis
a0b9ba917f,nerodia-erythrogaster
f40abd0edf,agkistrodon-piscivorus
3bd72284b8,thamnophis-sirtalis
8b5cd0f884,crotalus-horridus
f8e59232c8,crotalus-horridus
572c5c3520,pantherophis-obsoletus
957c00b573,pantherophis-vulpinus
93e591cb23,coluber-constrictor
68a603b39d,nerodia-erythrogaster
4f472510f3,rhinocheilus-lecontei
d6884444ae,crotalus-horridus
c0fa7df5de,pantherophis-obsoletus
